NA_120000000000	Automation & Controls
NA_121300000000	Terminal Blocks, Wiring Systems & Connectors
NA_121305000000	Terminal Block Accessories
NA_121305160000	Shorting Links/Jumpers
NA_240000000000	Wiring Devices & Wallplates
NA_240600000000	Receptacles
NA_240605000000	Single Pole Female Receptacles
NA_240000000000	Wiring Devices & Wallplates
NA_240600000000	Receptacles
NA_240605000000	Single Pole Female Receptacles
NA_160000000000	Fasteners & Hardwares
NA_160400000000	Fasteners
NA_160402000000	Nuts & Washers
NA_160402010000	Nuts
NA_160402011100	Strut Nuts
NA_220000000000	Safety
NA_221300000000	Warning Signs & Labels
NA_221309000000	Labels and Markers
NA_221309040000	Printable Labels
NA_220000000000	Safety
NA_221300000000	Warning Signs & Labels
NA_221309000000	Labels and Markers
NA_221309040000	Printable Labels
NA_220000000000	Safety
NA_221300000000	Warning Signs & Labels
NA_221309000000	Labels and Markers
NA_221309040000	Printable Labels
NA_160000000000	Fasteners & Hardware
NA_160100000000	Fastener Assortments
NA_160101000000	Anchor Kit
NA_160000000000	Fasteners & Hardwares
NA_160400000000	Fasteners
NA_160402000000	Nuts & Washers
NA_160402010000	Nuts
NA_160402010700	Hex Nuts
NA_160000000000	Fasteners & Hardwares
NA_160400000000	Fasteners
NA_160402000000	Nuts & Washers
NA_160402010000	Nuts
NA_160402010700	Hex Nuts
NA_160000000000	Fasteners & Hardware
NA_160100000000	Fastener Assortments
NA_160101000000	Anchor Kit
NA_160000000000	Fasteners & Hardware
NA_160100000000	Fastener Assortments
NA_160101000000	Anchor Kit
NA_240000000000	Wiring Devices & Wallplates
NA_240700000000	Switches
NA_240703000000	Wall Switches
NA_240703060000	Rocker Switches
NA_240703060300	3-Way
NA_250000000000	Tools & Instruments
NA_251500000000	Power Tools & Attachments
NA_251501000000	Attachments
NA_251501090000	Drill Bits
NA_251501090400	Auger Bits
NA_270000000000	Connectors, Marking, & Termination
NA_270100000000	Wire Bundling
NA_270104000000	Cable Ties
NA_240000000000	Wiring Devices & Wallplates
NA_240700000000	Switches
NA_240703000000	Wall Switches
NA_240703090000	Toggle Switches
NA_240703090200	Industrial Grade
NA_240000000000	Wiring Devices & Wallplates
NA_240700000000	Switches
NA_240703000000	Wall Switches
NA_240703090000	Toggle Switches
NA_240703090200	Industrial Grade
NA_240000000000	Wiring Devices & Wallplates
NA_240700000000	Switches
NA_240703000000	Wall Switches
NA_240703090000	Toggle Switches
NA_240703090200	Industrial Grade
NA_240000000000	Wiring Devices & Wallplates
NA_240700000000	Switches
NA_240703000000	Wall Switches
NA_240703090000	Toggle Switches
NA_240703090200	Industrial Grade
NA_240000000000	Wiring Devices & Wallplates
NA_240700000000	Switches
NA_240703000000	Wall Switches
NA_240703090000	Toggle Switches
NA_240703090200	Industrial Grade
NA_240000000000	Wiring Devices & Wallplates
NA_240700000000	Switches
NA_240703000000	Wall Switches
NA_240703090000	Toggle Switches
NA_240703090200	Industrial Grade
NA_240000000000	Wiring Devices & Wallplates
NA_240700000000	Switches
NA_240703000000	Wall Switches
NA_240703090000	Toggle Switches
NA_240703090200	Industrial Grade
NA_240000000000	Wiring Devices & Wallplates
NA_240700000000	Switches
NA_240703000000	Wall Switches
NA_240703090000	Toggle Switches
NA_240703090200	Industrial Grade
NA_240000000000	Wiring Devices & Wallplates
NA_240700000000	Switches
NA_240703000000	Wall Switches
NA_240703090000	Toggle Switches
NA_240703090200	Industrial Grade
NA_240000000000	Wiring Devices & Wallplates
NA_240700000000	Switches
NA_240703000000	Wall Switches
NA_240703090000	Toggle Switches
NA_240703090200	Industrial Grade
NA_240000000000	Wiring Devices & Wallplates
NA_240700000000	Switches
NA_240703000000	Wall Switches
NA_240703090000	Toggle Switches
NA_240703090200	Industrial Grade
NA_240000000000	Wiring Devices & Wallplates
NA_240700000000	Switches
NA_240703000000	Wall Switches
NA_240703090000	Toggle Switches
NA_240703090200	Industrial Grade
NA_160000000000	Fasteners & Hardware
NA_160300000000	Cable, Chain & Rope
NA_160302000000	Fittings & Accessories
NA_160302250000	Swivel Hooks
NA_160000000000	Fasteners & Hardware
NA_160100000000	Fastener Assortments
NA_160101000000	Anchor Kit
NA_250000000000	Tools & Instruments
NA_250800000000	Hand Tools
NA_250855000000	Pliers
NA_250855260000	Special Purpose Pliers
NA_250000000000	Tools & Instruments
NA_250800000000	Hand Tools
NA_250855000000	Pliers
NA_250855260000	Special Purpose Pliers
NA_250000000000	Tools & Instruments
NA_250800000000	Hand Tools
NA_250855000000	Pliers
NA_250855050000	Diagonal Cutting Pliers
NA_250000000000	Tools & Instruments
NA_250800000000	Hand Tools
NA_250855000000	Pliers
NA_250855280000	Tongue and Groove Pliers
NA_250000000000	Tools & Instruments
NA_250800000000	Hand Tools
NA_250855000000	Pliers
NA_250855260000	Special Purpose Pliers
NA_250000000000	Tools & Instruments
NA_250800000000	Hand Tools
NA_250855000000	Pliers
NA_250855280000	Tongue and Groove Pliers
NA_220000000000	Safety Products
NA_220900000000	Personal Protective Equipment
NA_221100000000	Safety Apparel
NA_221114000000	Tactical
NA_221114010000	Clothing Belts
NA_250000000000	Tools & Instruments
NA_251500000000	Power Tools & Attachments
NA_251501000000	Attachments
NA_251501090000	Drill Bits
NA_251501091800	Drill Bit Sets
NA_160000000000	Fasteners & Hardware
NA_160300000000	Cable, Chain & Rope
NA_160302000000	Fittings & Accessories
NA_160302170000	J-Hooks
NA_120000000000	Automation & Controls
NA_120200000000	Control System Connection Devices
NA_120203000000	Control System Connection Cables
NA_120000000000	Automation & Controls
NA_120200000000	Control System Connection Devices
NA_120203000000	Control System Connection Cables
NA_220000000000	Safety
NA_221300000000	Warning Signs & Labels
NA_221309000000	Labels and Markers
NA_221309020000	Identification Labels
NA_220000000000	Safety
NA_221300000000	Warning Signs & Labels
NA_221309000000	Labels and Markers
NA_221309020000	Identification Labels
NA_220000000000	Safety
NA_221300000000	Warning Signs & Labels
NA_221309000000	Labels and Markers
NA_221309050000	Warning Labels
NA_120000000000	Automation & Controls
NA_121300000000	Terminal Blocks, Wiring Systems & Connectors
NA_121305000000	Terminal Block Accessories
NA_121305160000	Shorting Links/Jumpers
NA_120000000000	Automation & Controls
NA_121300000000	Terminal Blocks, Wiring Systems & Connectors
NA_121305000000	Terminal Block Accessories
NA_121305160000	Shorting Links/Jumpers
NA_120000000000	Automation & Controls
NA_121300000000	Terminal Blocks, Wiring Systems & Connectors
NA_121305000000	Terminal Block Accessories
NA_121305160000	Shorting Links/Jumpers
NA_270000000000	Connectors, Marking, & Termination
NA_270100000000	Wire Bundling
NA_270104000000	Cable Ties
NA_120000000000	Automation & Controls
NA_121300000000	Terminal Blocks, Wiring Systems & Connectors
NA_121305000000	Terminal Block Accessories
NA_121305160000	Shorting Links/Jumpers
NA_120000000000	Automation & Controls
NA_121300000000	Terminal Blocks, Wiring Systems & Connectors
NA_121305000000	Terminal Block Accessories
NA_121305160000	Shorting Links/Jumpers
NA_120000000000	Automation & Controls
NA_121300000000	Terminal Blocks, Wiring Systems & Connectors
NA_121305000000	Terminal Block Accessories
NA_121305160000	Shorting Links/Jumpers
NA_240000000000	Wiring Devices & Wallplates
NA_240600000000	Receptacles
NA_240602000000	Pin & Sleeve
NA_120000000000	Automation & Controls
NA_121300000000	Terminal Blocks, Wiring Systems & Connectors
NA_121305000000	Terminal Block Accessories
NA_121305160000	Shorting Links/Jumpers
NA_120000000000	Automation & Controls
NA_121300000000	Terminal Blocks, Wiring Systems & Connectors
NA_121305000000	Terminal Block Accessories
NA_121305160000	Shorting Links/Jumpers
NA_120000000000	Automation & Controls
NA_121300000000	Terminal Blocks, Wiring Systems & Connectors
NA_121305000000	Terminal Block Accessories
NA_121305160000	Shorting Links/Jumpers
NA_120000000000	Automation & Controls
NA_121300000000	Terminal Blocks, Wiring Systems & Connectors
NA_121305000000	Terminal Block Accessories
NA_121305160000	Shorting Links/Jumpers
NA_120000000000	Automation & Controls
NA_121300000000	Terminal Blocks, Wiring Systems & Connectors
NA_121305000000	Terminal Block Accessories
NA_121305160000	Shorting Links/Jumpers
NA_120000000000	Automation & Controls
NA_121300000000	Terminal Blocks, Wiring Systems & Connectors
NA_121305000000	Terminal Block Accessories
NA_121305160000	Shorting Links/Jumpers
NA_120000000000	Automation & Controls
NA_120200000000	Control System Connection Devices
NA_120203000000	Control System Connection Cables
NA_120000000000	Automation & Controls
NA_121300000000	Terminal Blocks, Wiring Systems & Connectors
NA_121305000000	Terminal Block Accessories
NA_121305160000	Shorting Links/Jumpers
NA_270000000000	Connectors, Marking, & Termination
NA_270100000000	Wire Bundling
NA_270104000000	Cable Ties
NA_270000000000	Connectors, Marking, & Termination
NA_270100000000	Wire Bundling
NA_270104000000	Cable Ties
NA_270000000000	Connectors, Marking, & Termination
NA_270100000000	Wire Bundling
NA_270104000000	Cable Ties
NA_220000000000	Safety
NA_221300000000	Warning Signs & Labels
NA_221309000000	Labels and Markers
NA_221309020000	Identification Labels
NA_120000000000	Automation & Controls
NA_121300000000	Terminal Blocks, Wiring Systems & Connectors
NA_121305000000	Terminal Block Accessories
NA_121305160000	Shorting Links/Jumpers
NA_160000000000	Fasteners & Hardware
NA_160300000000	Cable, Chain & Rope
NA_160302000000	Fittings & Accessories
NA_160302250000	Swivel Hooks
NA_270000000000	Connectors, Marking, & Termination
NA_270100000000	Wire Bundling
NA_270104000000	Cable Ties
NA_120000000000	Automation & Controls
NA_121300000000	Terminal Blocks, Wiring Systems & Connectors
NA_121305000000	Terminal Block Accessories
NA_121305160000	Shorting Links/Jumpers
NA_160000000000	Fasteners & Hardware
NA_160300000000	Cable, Chain & Rope
NA_160302000000	Fittings & Accessories
NA_160302290000	Utility Hooks
NA_160000000000	Fasteners & Hardware
NA_160300000000	Cable, Chain & Rope
NA_160302000000	Fittings & Accessories
NA_160302250000	Swivel Hooks
NA_240000000000	Wiring Devices & Wallplates
NA_240400000000	Plugs & Connectors
NA_240404000000	Straight Blade Devices
NA_240404010000	Connectors
NA_240000000000	Wiring Devices & Wallplates
NA_240400000000	Plugs & Connectors
NA_240404000000	Straight Blade Devices
NA_240404010000	Connectors
NA_160000000000	Fasteners & Hardware
NA_160100000000	Fastener Assortments
NA_160101000000	Anchor Kit
NA_250000000000	Tools & Instruments
NA_251500000000	Power Tools & Attachments
NA_251501000000	Attachments
NA_251501090000	Drill Bits
NA_251501091800	Drill Bit Sets
NA_250000000000	Tools & Instruments
NA_251500000000	Power Tools & Attachments
NA_251501000000	Attachments
NA_251501090000	Drill Bits
NA_251501091800	Drill Bit Sets
NA_250000000000	Tools & Instruments
NA_251500000000	Power Tools & Attachments
NA_251501000000	Attachments
NA_251501090000	Drill Bits
NA_251501092500	High Speed Bits
NA_220000000000	Safety
NA_221300000000	Warning Signs & Labels
NA_221309000000	Labels and Markers
NA_221309050000	Warning Labels
NA_220000000000	Safety
NA_221300000000	Warning Signs & Labels
NA_221309000000	Labels and Markers
NA_221309050000	Warning Labels
NA_160000000000	Fasteners & Hardware
NA_160100000000	Fastener Assortments
NA_160101000000	Anchor Kit
NA_250000000000	Tools & Instruments
NA_250800000000	Hand Tools
NA_250855000000	Pliers
NA_250855050000	Diagonal Cutting Pliers
NA_160000000000	Fasteners & Hardware
NA_160100000000	Fastener Assortments
NA_160101000000	Anchor Kit
NA_250000000000	Tools & Instruments
NA_250800000000	Hand Tools
NA_250855000000	Pliers
NA_250855260000	Special Purpose Pliers
NA_250000000000	Tools & Instruments
NA_250800000000	Hand Tools
NA_250855000000	Pliers
NA_250855110000	Long Nose Pliers
NA_250000000000	Tools & Instruments
NA_250800000000	Hand Tools
NA_250855000000	Pliers
NA_250855050000	Diagonal Cutting Pliers
NA_250000000000	Tools & Instruments
NA_250800000000	Hand Tools
NA_250855000000	Pliers
NA_250855050000	Diagonal Cutting Pliers
NA_250000000000	Tools & Instruments
NA_250800000000	Hand Tools
NA_250855000000	Pliers
NA_250855050000	Diagonal Cutting Pliers
NA_270000000000	Connectors, Marking, & Termination
NA_270100000000	Wire Bundling
NA_270104000000	Cable Ties
NA_270000000000	Connectors, Marking, & Termination
NA_270100000000	Wire Bundling
NA_270104000000	Cable Ties
NA_270000000000	Connectors, Marking, & Termination
NA_270100000000	Wire Bundling
NA_270104000000	Cable Ties
NA_240000000000	Wiring Devices & Wallplates
NA_240400000000	Plugs & Connectors
NA_240405000000	Twist Lock Devices
NA_240405020000	Connectors
NA_240000000000	Wiring Devices & Wallplates
NA_240400000000	Plugs & Connectors
NA_240404000000	Straight Blade Devices
NA_240404010000	Connectors
NA_270000000000	Connectors, Marking, & Termination
NA_270100000000	Wire Bundling
NA_270104000000	Cable Ties
NA_160000000000	Fasteners & Hardware
NA_160100000000	Fastener Assortments
NA_160101000000	Anchor Kit
NA_220000000000	Safety Products
NA_220900000000	Personal Protective Equipment
NA_221100000000	Safety Apparel
NA_221109000000	Protection Clothing
NA_221109250000	Suspenders
NA_270000000000	Connectors, Marking, & Termination
NA_270100000000	Wire Bundling
NA_270104000000	Cable Ties
NA_120000000000	Automation & Controls
NA_120200000000	Control System Connection Devices
NA_120203000000	Control System Connection Cables
NA_150000000000	Electrical Enclosures & Boxes
NA_150200000000	Electrical Boxes
NA_150201000000	Metallic Boxes
NA_150201040000	Floor Boxes
NA_150201040600	Replacement Part & Accessories
NA_150000000000	Electrical Enclosures & Boxes
NA_150200000000	Electrical Boxes
NA_150203000000	Weatherproof Boxes
NA_150203030000	Weatherproof Box Covers
NA_120000000000	Automation & Controls
NA_120900000000	Operators
NA_120910000000	Selector Switches
NA_120910020000	20mm
NA_120910020200	Non-Illuminated
NA_270000000000	Wire Termination & Marking Supplies
NA_270600000000	Small Crimp & Wire Connectors
NA_270605000000	Disconnects
NA_270605020000	Male Disconnects
NA_270605020100	Insulated
NA_240000000000	Receptacles, Combination Devices, & Wallplates
NA_240500000000	Power Strips 
NA_240504000000	Power Strips
NA_270000000000	Wire Termination & Marking Supplies
NA_270400000000	Lugs & Connectors
NA_270402000000	Compression Sleeves
NA_270402020000	Parallel Splice
NA_120000000000	Automation & Controls
NA_120700000000	Motor Controls
NA_120701000000	Contactors & Starters
NA_120701070000	Starters
NA_120701070100	Combination Starters
NA_210000000000	Power Sources & Motors
NA_210400000000	Power Supplies
NA_210401000000	DC Power Supplies
NA_240000000000	Wiring Devices & Wallplates
NA_240400000000	Plugs & Connectors
NA_240405000000	Twist Lock Devices
NA_240405020000	Connectors
NA_240000000000	Wiring Devices & Wallplates
NA_240700000000	Switches
NA_240701000000	Appliance Switches
NA_240701080000	Toggle Switches
NA_120000000000	Automation & Controls
NA_121100000000	Automation Relays & Timers
NA_121102000000	Relays
NA_121102130000	Timing Relays
NA_110000000000	Conduit, Fittings, & Raceway
NA_110500000000	Strut & Strut Fittings
NA_110505000000	Strut Fittings & Accessories
NA_240000000000	Wiring Devices & Wallplates
NA_240700000000	Switches
NA_240701000000	Appliance Switches
NA_240701080000	Toggle Switches
NA_270000000000	Wire Termination & Marking Supplies
NA_270400000000	Lugs & Connectors
NA_270401000000	Compression Lugs
NA_270401010000	Aluminum
NA_270401010200	2-Hole
NA_140000000000	Utility & Plants
NA_140500000000	Anchors
NA_140503000000	Anchor Shaft Extensions
NA_120000000000	Automation & Controls
NA_120700000000	Motor Controls
NA_120701000000	Contactors & Starters
NA_120701020000	Contactors
NA_120701020300	IEC Contactors
NA_210000000000	Power Sources & Motors
NA_210400000000	Power Supplies
NA_210401000000	DC Power Supplies
NA_120000000000	Automation & Controls
NA_120700000000	Motor Controls
NA_120701000000	Contactors & Starters
NA_120701020000	Contactors
NA_120701020300	IEC Contactors
NA_110000000000	Conduit, Fittings, & Raceway
NA_110400000000	Raceway 
NA_110404000000	Surface Raceway
NA_110404020000	Fittings & Accessories
NA_110000000000	Conduit, Fittings, & Raceway
NA_110200000000	Conduit Clamps, Hangers & Supports
NA_110208000000	Straps
NA_110208010000	1-Hole Straps
NA_240000000000	Receptacles, Combination Devices, & Wallplates
NA_240800000000	Switchplates & Wall Plates
NA_240803000000	Nylon/Plastic Wall Plates
NA_240803050000	Duplex Receptacle Plates
NA_240000000000	Receptacles, Combination Devices, & Wallplates
NA_240800000000	Switchplates & Wall Plates
NA_240803000000	Nylon/Plastic Wall Plates
NA_240803030000	Combination Wall Plates
NA_110000000000	Conduit, Fittings, & Raceway
NA_110200000000	Conduit Clamps, Hangers & Supports
NA_110207000000	Hangers
NA_270000000000	Wire Termination & Marking Supplies
NA_270600000000	Small Crimp & Wire Connectors
NA_270612000000	Wire Terminal Kits
NA_120000000000	Automation & Controls
NA_120200000000	Control System Connection Devices
NA_120203000000	Control System Connection Cables
NA_160000000000	Fasteners & Hardwares
NA_160400000000	Fasteners
NA_160402000000	Nuts & Washers
NA_160402010000	Nuts
NA_160402010700	Hex Nuts
NA_240000000000	Wiring Devices & Wallplates
NA_240400000000	Plugs & Connectors
NA_240406000000	Watertight Devices
NA_240406010000	Connectors
NA_270000000000	Connectors, Marking, & Termination
NA_270100000000	Wire Bundling
NA_270104000000	Cable Ties
NA_270000000000	Connectors, Marking, & Termination
NA_270100000000	Wire Bundling
NA_270104000000	Cable Ties
NA_160000000000	Fasteners & Hardwares
NA_160400000000	Fasteners
NA_160402000000	Nuts & Washers
NA_160402010000	Nuts
NA_160402011100	Strut Nuts
NA_120000000000	Automation & Controls
NA_121300000000	Terminal Blocks, Wiring Systems & Connectors
NA_121305000000	Terminal Block Accessories
NA_121305160000	Shorting Links/Jumpers
NA_270000000000	Connectors, Marking, & Termination
NA_270100000000	Wire Bundling
NA_270104000000	Cable Ties
NA_220000000000	Safety
NA_221300000000	Warning Signs & Labels
NA_221309000000	Labels and Markers
NA_221309020000	Identification Labels
NA_160000000000	Fasteners & Hardware
NA_160300000000	Cable, Chain & Rope
NA_160302000000	Fittings & Accessories
NA_160302170000	J-Hooks
NA_220000000000	Safety
NA_221300000000	Warning Signs & Labels
NA_221309000000	Labels and Markers
NA_221309030000	Number and Letter Labels
NA_110000000000	Conduit, Fittings, & Raceway
NA_110300000000	Electrical Conduit & Fittings
NA_110302000000	Metallic Conduit & Fittings
NA_110302030000	Conduit Body, Covers, & Gaskets
NA_110302030900	Type LB Condulets
NA_220000000000	Safety
NA_221300000000	Warning Signs & Labels
NA_221309000000	Labels and Markers
NA_221309040000	Printable Labels
NA_220000000000	Safety
NA_221300000000	Warning Signs & Labels
NA_221309000000	Labels and Markers
NA_221309040000	Printable Labels
NA_160000000000	Fasteners & Hardware
NA_160300000000	Cable, Chain & Rope
NA_160301000000	Chains
NA_160301040000	Link Chains
NA_270000000000	Connectors, Marking, & Termination
NA_270100000000	Wire Bundling
NA_270104000000	Cable Ties
NA_240000000000	Wiring Devices & Wallplates
NA_240700000000	Switches
NA_240703000000	Wall Switches
NA_240703060000	Rocker Switches
NA_240703060300	3-Way
NA_270000000000	Connectors, Marking, & Termination
NA_270100000000	Wire Bundling
NA_270104000000	Cable Ties
NA_240000000000	Wiring Devices & Wallplates
NA_240400000000	Plugs & Connectors
NA_240405000000	Twist Lock Devices
NA_240405020000	Connectors
NA_120000000000	Automation & Controls
NA_120200000000	Control System Connection Devices
NA_120203000000	Control System Connection Cables
NA_250000000000	Tools & Instruments
NA_251500000000	Power Tools & Attachments
NA_251503000000	Corded Power Tools
NA_251503410000	Saws
NA_251503410300	Circular Saws
NA_220000000000	Safety
NA_221300000000	Warning Signs & Labels
NA_221309000000	Labels and Markers
NA_221309040000	Printable Labels
NA_160000000000	Fasteners & Hardwares
NA_160400000000	Fasteners
NA_160402000000	Nuts & Washers
NA_160402010000	Nuts
NA_160402010200	Cap Nuts
NA_250000000000	Tools & Instruments
NA_251500000000	Power Tools & Attachments
NA_251503000000	Corded Power Tools
NA_251503400000	Sanders and Grinders
NA_251503400500	Grinders
NA_250000000000	Tools & Instruments
NA_251500000000	Power Tools & Attachments
NA_251503000000	Corded Power Tools
NA_251503410000	Saws
NA_251503410900	Saw Accessories
NA_250000000000	Tools & Instruments
NA_251500000000	Power Tools & Attachments
NA_251503000000	Corded Power Tools
NA_251503410000	Saws
NA_251503410800	Reciprocating Saws
NA_250000000000	Tools & Instruments
NA_251500000000	Power Tools & Attachments
NA_251503000000	Corded Power Tools
NA_251503400000	Sanders and Grinders
NA_251503400500	Grinders
NA_240000000000	Wiring Devices & Wallplates
NA_240700000000	Switches
NA_240703000000	Wall Switches
NA_240703010000	Decorator Switches
NA_250000000000	Tools & Instruments
NA_251500000000	Power Tools & Attachments
NA_251501000000	Attachments
NA_251501090000	Drill Bits
NA_251501093100	Pilot Bits
NA_270000000000	Connectors, Marking, & Termination
NA_270100000000	Wire Bundling
NA_270104000000	Cable Ties
NA_250000000000	Tools & Instruments
NA_251500000000	Power Tools & Attachments
NA_251503000000	Corded Power Tools
NA_251503410000	Saws
NA_251503410500	Jig Saws
NA_270000000000	Connectors, Marking, & Termination
NA_270100000000	Wire Bundling
NA_270104000000	Cable Ties
NA_250000000000	Tools & Instruments
NA_251500000000	Power Tools & Attachments
NA_251503000000	Corded Power Tools
NA_251503410000	Saws
NA_251503410300	Circular Saws
NA_250000000000	Tools & Instruments
NA_251500000000	Power Tools & Attachments
NA_251503000000	Corded Power Tools
NA_251503410000	Saws
NA_251503410100	Band Saws
NA_250000000000	Tools & Instruments
NA_251500000000	Power Tools & Attachments
NA_251503000000	Corded Power Tools
NA_251503410000	Saws
NA_251503410300	Circular Saws
NA_250000000000	Tools & Instruments
NA_251500000000	Power Tools & Attachments
NA_251501000000	Attachments
NA_251501090000	Drill Bits
NA_251501093100	Pilot Bits
NA_250000000000	Tools & Instruments
NA_251500000000	Power Tools & Attachments
NA_251503000000	Corded Power Tools
NA_251503410000	Saws
NA_251503410300	Circular Saws
NA_250000000000	Tools & Instruments
NA_251500000000	Power Tools & Attachments
NA_251503000000	Corded Power Tools
NA_251503410000	Saws
NA_251503410300	Circular Saws
NA_270000000000	Connectors, Marking, & Termination
NA_270100000000	Wire Bundling
NA_270104000000	Cable Ties
NA_250000000000	Tools & Instruments
NA_251500000000	Power Tools & Attachments
NA_251503000000	Corded Power Tools
NA_251503410000	Saws
NA_251503410200	Chop Saws
NA_250000000000	Tools & Instruments
NA_251500000000	Power Tools & Attachments
NA_251503000000	Corded Power Tools
NA_251503410000	Saws
NA_251503410300	Circular Saws
NA_250000000000	Tools & Instruments
NA_251500000000	Power Tools & Attachments
NA_251503000000	Corded Power Tools
NA_251503400000	Sanders and Grinders
NA_251503400500	Grinders
NA_250000000000	Tools & Instruments
NA_251500000000	Power Tools & Attachments
NA_251503000000	Corded Power Tools
NA_251503410000	Saws
NA_251503411100	Panel Saws
NA_220000000000	Safety
NA_221300000000	Warning Signs & Labels
NA_221309000000	Labels and Markers
NA_221309050000	Warning Labels
NA_270000000000	Connectors, Marking, & Termination
NA_270100000000	Wire Bundling
NA_270104000000	Cable Ties
NA_270000000000	Connectors, Marking, & Termination
NA_270100000000	Wire Bundling
NA_270104000000	Cable Ties
NA_120000000000	Automation & Controls
NA_120200000000	Control System Connection Devices
NA_120203000000	Control System Connection Cables
NA_120000000000	Automation & Controls
NA_120200000000	Control System Connection Devices
NA_120203000000	Control System Connection Cables
NA_250000000000	Tools & Instruments
NA_251500000000	Power Tools & Attachments
NA_251503000000	Corded Power Tools
NA_251503410000	Saws
NA_251503410500	Jig Saws
NA_120000000000	Automation & Controls
NA_121300000000	Terminal Blocks, Wiring Systems & Connectors
NA_121305000000	Terminal Block Accessories
NA_121305160000	Shorting Links/Jumpers
NA_120000000000	Automation & Controls
NA_120200000000	Control System Connection Devices
NA_120203000000	Control System Connection Cables
NA_240000000000	Wiring Devices & Wallplates
NA_240700000000	Switches
NA_240703000000	Wall Switches
NA_240703090000	Toggle Switches
NA_240703090100	Commercial Grade
NA_250000000000	Tools & Instruments
NA_250800000000	Hand Tools
NA_250855000000	Pliers
NA_250855030000	Combination Pliers
NA_110000000000	Conduit, Fittings, & Raceway
NA_110300000000	Electrical Conduit & Fittings
NA_110302000000	Metallic Conduit & Fittings
NA_110302030000	Conduit Body, Covers, & Gaskets
NA_110302030900	Type LB Condulets
NA_280000000000	Wire, Cords & Cables
NA_280300000000	DataComm & Low Voltage Cable
NA_280305000000	Voice, Data & Video Cables
NA_280305160000	Patch Cords
NA_250000000000	Tools & Instruments
NA_251500000000	Power Tools & Attachments
NA_251503000000	Corded Power Tools
NA_251503400000	Sanders and Grinders
NA_251503400500	Grinders
NA_160000000000	Fasteners & Hardware
NA_160300000000	Cable, Chain & Rope
NA_160302000000	Fittings & Accessories
NA_160302170000	J-Hooks
NA_160000000000	Fasteners & Hardware
NA_160300000000	Cable, Chain & Rope
NA_160302000000	Fittings & Accessories
NA_160302170000	J-Hooks
NA_110000000000	Conduit, Fittings, & Raceway
NA_110300000000	Electrical Conduit & Fittings
NA_110302000000	Metallic Conduit & Fittings
NA_110302030000	Conduit Body, Covers, & Gaskets
NA_110302030900	Type LB Condulets
NA_160000000000	Fasteners & Hardware
NA_160300000000	Cable, Chain & Rope
NA_160302000000	Fittings & Accessories
NA_160302170000	J-Hooks
NA_270000000000	Connectors, Marking, & Termination
NA_270100000000	Wire Bundling
NA_270104000000	Cable Ties
NA_120000000000	Automation & Controls
NA_120200000000	Control System Connection Devices
NA_120203000000	Control System Connection Cables
NA_160000000000	Fasteners & Hardwares
NA_160400000000	Fasteners
NA_160402000000	Nuts & Washers
NA_160402010000	Nuts
NA_160402011100	Strut Nuts
NA_250000000000	Tools & Instruments
NA_251500000000	Power Tools & Attachments
NA_251503000000	Corded Power Tools
NA_251503400000	Sanders and Grinders
NA_251503400500	Grinders
NA_250000000000	Tools & Instruments
NA_251500000000	Power Tools & Attachments
NA_251503000000	Corded Power Tools
NA_251503400000	Sanders and Grinders
NA_251503400500	Grinders
NA_160000000000	Fasteners & Hardware
NA_160300000000	Cable, Chain & Rope
NA_160302000000	Fittings & Accessories
NA_160302220000	S-Hooks
NA_110000000000	Conduit, Fittings, & Raceway
NA_110300000000	Electrical Conduit & Fittings
NA_110302000000	Metallic Conduit & Fittings
NA_110302030000	Conduit Body, Covers, & Gaskets
NA_110302030900	Type LB Condulets
NA_220000000000	Safety
NA_221300000000	Warning Signs & Labels
NA_221309000000	Labels and Markers
NA_221309040000	Printable Labels
NA_120000000000	Automation & Controls
NA_120900000000	Operators
NA_120909000000	Push Buttons
NA_120909040000	30mm
NA_120909040200	Non-Illuminated
NA_250000000000	Tools & Instruments
NA_251500000000	Power Tools & Attachments
NA_251503000000	Corded Power Tools
NA_251503410000	Saws
NA_251503410100	Band Saws
NA_250000000000	Tools & Instruments
NA_251500000000	Power Tools & Attachments
NA_251503000000	Corded Power Tools
NA_251503410000	Saws
NA_251503410100	Band Saws
NA_120000000000	Automation & Controls
NA_121300000000	Terminal Blocks, Wiring Systems & Connectors
NA_121305000000	Terminal Block Accessories
NA_121305160000	Shorting Links/Jumpers
NA_120000000000	Automation & Controls
NA_120900000000	Operators
NA_120909000000	Push Buttons
NA_120909040000	30mm
NA_120909040200	Non-Illuminated
NA_250000000000	Tools & Instruments
NA_251500000000	Power Tools & Attachments
NA_251503000000	Corded Power Tools
NA_251503400000	Sanders and Grinders
NA_251503400500	Grinders
NA_250000000000	Tools & Instruments
NA_251500000000	Power Tools & Attachments
NA_251503000000	Corded Power Tools
NA_251503400000	Sanders and Grinders
NA_251503400500	Grinders
NA_250000000000	Tools & Instruments
NA_251500000000	Power Tools & Attachments
NA_251503000000	Corded Power Tools
NA_251503400000	Sanders and Grinders
NA_251503400500	Grinders
NA_120000000000	Automation & Controls
NA_120200000000	Control System Connection Devices
NA_120203000000	Control System Connection Cables
NA_120000000000	Automation & Controls
NA_120200000000	Control System Connection Devices
NA_120203000000	Control System Connection Cables
NA_240000000000	Wiring Devices & Wallplates
NA_240400000000	Plugs & Connectors
NA_240406000000	Watertight Devices
NA_240406010000	Connectors
NA_120000000000	Automation & Controls
NA_120200000000	Control System Connection Devices
NA_120203000000	Control System Connection Cables
NA_250000000000	Tools & Instruments
NA_251500000000	Power Tools & Attachments
NA_251503000000	Corded Power Tools
NA_251503400000	Sanders and Grinders
NA_251503400500	Grinders
NA_220000000000	Safety Products
NA_220900000000	Personal Protective Equipment
NA_221100000000	Safety Apparel
NA_221106000000	Electrical-Protection Clothing
NA_221106010000	Protective Aprons
NA_250000000000	Tools & Instruments
NA_251500000000	Power Tools & Attachments
NA_251503000000	Corded Power Tools
NA_251503410000	Saws
NA_251503410100	Band Saws
NA_120000000000	Automation & Controls
NA_120900000000	Operators
NA_120909000000	Push Buttons
NA_120909040000	30mm
NA_120909040100	Illuminated
NA_270000000000	Connectors, Marking, & Termination
NA_270100000000	Wire Bundling
NA_270104000000	Cable Ties
NA_120000000000	Automation & Controls
NA_120900000000	Operators
NA_120909000000	Push Buttons
NA_120909040000	30mm
NA_120909040200	Non-Illuminated
NA_120000000000	Automation & Controls
NA_120200000000	Control System Connection Devices
NA_120203000000	Control System Connection Cables
NA_120000000000	Automation & Controls
NA_120200000000	Control System Connection Devices
NA_120203000000	Control System Connection Cables
NA_220000000000	Safety
NA_221300000000	Warning Signs & Labels
NA_221309000000	Labels and Markers
NA_221309020000	Identification Labels
NA_160000000000	Fasteners & Hardwares
NA_160400000000	Fasteners
NA_160402000000	Nuts & Washers
NA_160402020000	Washers
NA_160402020500	Flat Washers
NA_160000000000	Fasteners & Hardware
NA_160300000000	Cable, Chain & Rope
NA_160305000000	Tie-Down Straps
NA_110000000000	Conduit, Fittings, & Raceway
NA_110300000000	Electrical Conduit & Fittings
NA_110302000000	Metallic Conduit & Fittings
NA_110302030000	Conduit Body, Covers, & Gaskets
NA_110302030900	Type LB Condulets
NA_110000000000	Conduit, Fittings, & Raceway
NA_110300000000	Electrical Conduit & Fittings
NA_110302000000	Metallic Conduit & Fittings
NA_110302030000	Conduit Body, Covers, & Gaskets
NA_110302030900	Type LB Condulets
NA_160000000000	Fasteners & Hardware
NA_160100000000	Fastener Assortments
NA_160101000000	Anchor Kit
NA_160000000000	Fasteners & Hardware
NA_160100000000	Fastener Assortments
NA_160101000000	Anchor Kit
NA_160000000000	Fasteners & Hardware
NA_160300000000	Cable, Chain & Rope
NA_160302000000	Fittings & Accessories
NA_160302170000	J-Hooks
NA_160000000000	Fasteners & Hardware
NA_160100000000	Fastener Assortments
NA_160101000000	Anchor Kit
NA_160000000000	Fasteners & Hardware
NA_160300000000	Cable, Chain & Rope
NA_160302000000	Fittings & Accessories
NA_160302220000	S-Hooks
NA_160000000000	Fasteners & Hardwares
NA_160400000000	Fasteners
NA_160402000000	Nuts & Washers
NA_160402010000	Nuts
NA_160402010700	Hex Nuts
NA_160000000000	Fasteners & Hardwares
NA_160400000000	Fasteners
NA_160402000000	Nuts & Washers
NA_160402010000	Nuts
NA_160402010700	Hex Nuts
NA_160000000000	Fasteners & Hardwares
NA_160400000000	Fasteners
NA_160402000000	Nuts & Washers
NA_160402010000	Nuts
NA_160402010700	Hex Nuts
NA_160000000000	Fasteners & Hardwares
NA_160400000000	Fasteners
NA_160402000000	Nuts & Washers
NA_160402020000	Washers
NA_160402020500	Flat Washers
NA_160000000000	Fasteners & Hardwares
NA_160400000000	Fasteners
NA_160402000000	Nuts & Washers
NA_160402020000	Washers
NA_160402020500	Flat Washers
NA_160000000000	Fasteners & Hardwares
NA_160400000000	Fasteners
NA_160402000000	Nuts & Washers
NA_160402020000	Washers
NA_160402020500	Flat Washers
NA_160000000000	Fasteners & Hardwares
NA_160400000000	Fasteners
NA_160402000000	Nuts & Washers
NA_160402020000	Washers
NA_160402020600	Lock Washers
NA_270000000000	Connectors, Marking, & Termination
NA_270100000000	Wire Bundling
NA_270104000000	Cable Ties
NA_250000000000	Tools & Instruments
NA_251500000000	Power Tools & Attachments
NA_251503000000	Corded Power Tools
NA_251503400000	Sanders and Grinders
NA_251503400500	Grinders
NA_120000000000	Automation & Controls
NA_120900000000	Operators
NA_120909000000	Push Buttons
NA_120909040000	30mm
NA_120909040200	Non-Illuminated
NA_250000000000	Tools & Instruments
NA_251500000000	Power Tools & Attachments
NA_251503000000	Corded Power Tools
NA_251503410000	Saws
NA_251503410100	Band Saws
NA_250000000000	Tools & Instruments
NA_251500000000	Power Tools & Attachments
NA_251501000000	Attachments
NA_251501090000	Drill Bits
NA_251501091800	Drill Bit Sets
NA_120000000000	Automation & Controls
NA_120200000000	Control System Connection Devices
NA_120203000000	Control System Connection Cables
NA_110000000000	Conduit, Fittings, & Raceway
NA_110300000000	Electrical Conduit & Fittings
NA_110302000000	Metallic Conduit & Fittings
NA_110302030000	Conduit Body, Covers, & Gaskets
NA_110302030900	Type LB Condulets
NA_160000000000	Fasteners & Hardware
NA_160300000000	Cable, Chain & Rope
NA_160302000000	Fittings & Accessories
NA_160302170000	J-Hooks
NA_160000000000	Fasteners & Hardware
NA_160100000000	Fastener Assortments
NA_160101000000	Anchor Kit
NA_160000000000	Fasteners & Hardware
NA_160100000000	Fastener Assortments
NA_160101000000	Anchor Kit
NA_160000000000	Fasteners & Hardware
NA_160100000000	Fastener Assortments
NA_160101000000	Anchor Kit
NA_160000000000	Fasteners & Hardwares
NA_160400000000	Fasteners
NA_160402000000	Nuts & Washers
NA_160402020000	Washers
NA_160402020600	Lock Washers
NA_160000000000	Fasteners & Hardware
NA_160100000000	Fastener Assortments
NA_160101000000	Anchor Kit
NA_160000000000	Fasteners & Hardware
NA_160300000000	Cable, Chain & Rope
NA_160303000000	Ropes
NA_160303080000	Poly Ropes
NA_160000000000	Fasteners & Hardware
NA_160300000000	Cable, Chain & Rope
NA_160303000000	Ropes
NA_160303080000	Poly Ropes
NA_160000000000	Fasteners & Hardware
NA_160300000000	Cable, Chain & Rope
NA_160303000000	Ropes
NA_160303080000	Poly Ropes
NA_160000000000	Fasteners & Hardware
NA_160300000000	Cable, Chain & Rope
NA_160303000000	Ropes
NA_160303080000	Poly Ropes
NA_160000000000	Fasteners & Hardware
NA_160300000000	Cable, Chain & Rope
NA_160302000000	Fittings & Accessories
NA_160302220000	S-Hooks
NA_160000000000	Fasteners & Hardwares
NA_160400000000	Fasteners
NA_160402000000	Nuts & Washers
NA_160402010000	Nuts
NA_160402010700	Hex Nuts
NA_160000000000	Fasteners & Hardwares
NA_160400000000	Fasteners
NA_160402000000	Nuts & Washers
NA_160402020000	Washers
NA_160402020500	Flat Washers
NA_160000000000	Fasteners & Hardwares
NA_160400000000	Fasteners
NA_160402000000	Nuts & Washers
NA_160402020000	Washers
NA_160402020500	Flat Washers
NA_240000000000	Wiring Devices & Wallplates
NA_240600000000	Receptacles
NA_240607000000	Straight Blade
NA_240607030000	Single
NA_240000000000	Wiring Devices & Wallplates
NA_240600000000	Receptacles
NA_240607000000	Straight Blade
NA_240607030000	Single
NA_240000000000	Wiring Devices & Wallplates
NA_240700000000	Switches
NA_240703000000	Wall Switches
NA_240703090000	Toggle Switches
NA_240703090100	Commercial Grade
NA_240000000000	Wiring Devices & Wallplates
NA_240400000000	Plugs & Connectors
NA_240405000000	Twist Lock Devices
NA_240405020000	Connectors
NA_240000000000	Wiring Devices & Wallplates
NA_240400000000	Plugs & Connectors
NA_240405000000	Twist Lock Devices
NA_240405020000	Connectors
NA_240000000000	Wiring Devices & Wallplates
NA_240400000000	Plugs & Connectors
NA_240405000000	Twist Lock Devices
NA_240405020000	Connectors
NA_240000000000	Wiring Devices & Wallplates
NA_240400000000	Plugs & Connectors
NA_240405000000	Twist Lock Devices
NA_240405020000	Connectors
NA_240000000000	Wiring Devices & Wallplates
NA_240400000000	Plugs & Connectors
NA_240405000000	Twist Lock Devices
NA_240405020000	Connectors
NA_240000000000	Wiring Devices & Wallplates
NA_240400000000	Plugs & Connectors
NA_240405000000	Twist Lock Devices
NA_240405020000	Connectors
NA_240000000000	Wiring Devices & Wallplates
NA_240400000000	Plugs & Connectors
NA_240405000000	Twist Lock Devices
NA_240405020000	Connectors
NA_240000000000	Wiring Devices & Wallplates
NA_240600000000	Receptacles
NA_240609000000	Twist Lock
NA_240609030000	Single
NA_240000000000	Wiring Devices & Wallplates
NA_240400000000	Plugs & Connectors
NA_240405000000	Twist Lock Devices
NA_240405020000	Connectors
NA_240000000000	Wiring Devices & Wallplates
NA_240600000000	Receptacles
NA_240609000000	Twist Lock
NA_240609030000	Single
NA_240000000000	Wiring Devices & Wallplates
NA_240700000000	Switches
NA_240703000000	Wall Switches
NA_240703010000	Decorator Switches
NA_240000000000	Wiring Devices & Wallplates
NA_240700000000	Switches
NA_240703000000	Wall Switches
NA_240703010000	Decorator Switches
NA_240000000000	Wiring Devices & Wallplates
NA_240700000000	Switches
NA_240703000000	Wall Switches
NA_240703010000	Decorator Switches
NA_270000000000	Connectors, Marking, & Termination
NA_270100000000	Wire Bundling
NA_270104000000	Cable Ties
NA_110000000000	Conduit, Fittings, & Raceway
NA_110300000000	Electrical Conduit & Fittings
NA_110302000000	Metallic Conduit & Fittings
NA_110302030000	Conduit Body, Covers, & Gaskets
NA_110302030900	Type LB Condulets
NA_240000000000	Wiring Devices & Wallplates
NA_240600000000	Receptacles
NA_240607000000	Straight Blade
NA_240607030000	Single
NA_240000000000	Wiring Devices & Wallplates
NA_240700000000	Switches
NA_240703000000	Wall Switches
NA_240703010000	Decorator Switches
NA_120000000000	Automation & Controls
NA_120900000000	Operators
NA_120909000000	Push Buttons
NA_120909050000	Boots, Heads & Caps
NA_250000000000	Tools & Instruments
NA_251500000000	Power Tools & Attachments
NA_251501000000	Attachments
NA_251501090000	Drill Bits
NA_251501092700	Jobber Length Bits
NA_250000000000	Tools & Instruments
NA_251500000000	Power Tools & Attachments
NA_251501000000	Attachments
NA_251501090000	Drill Bits
NA_251501092700	Jobber Length Bits
NA_250000000000	Tools & Instruments
NA_251500000000	Power Tools & Attachments
NA_251503000000	Corded Power Tools
NA_251503400000	Sanders and Grinders
NA_251503400500	Grinders
NA_240000000000	Wiring Devices & Wallplates
NA_240600000000	Receptacles
NA_240607000000	Straight Blade
NA_240607030000	Single
NA_240000000000	Wiring Devices & Wallplates
NA_240600000000	Receptacles
NA_240609000000	Twist Lock
NA_240609030000	Single
NA_220000000000	Safety Products
NA_220900000000	Personal Protective Equipment
NA_221100000000	Safety Apparel
NA_221107000000	Flame Resistant & Arc Flash Clothing
NA_221107030000	Arc Flash Kits
NA_160000000000	Fasteners & Hardware
NA_160100000000	Fastener Assortments
NA_160101000000	Anchor Kit
NA_160000000000	Fasteners & Hardware
NA_160300000000	Cable, Chain & Rope
NA_160303000000	Ropes
NA_160303080000	Poly Ropes
NA_240000000000	Wiring Devices & Wallplates
NA_240700000000	Switches
NA_240703000000	Wall Switches
NA_240703060000	Rocker Switches
NA_240703060400	4-Way
NA_110000000000	Conduit, Fittings, & Raceway
NA_110300000000	Electrical Conduit & Fittings
NA_110302000000	Metallic Conduit & Fittings
NA_110302030000	Conduit Body, Covers, & Gaskets
NA_110302030900	Type LB Condulets
NA_110000000000	Conduit, Fittings, & Raceway
NA_110300000000	Electrical Conduit & Fittings
NA_110302000000	Metallic Conduit & Fittings
NA_110302030000	Conduit Body, Covers, & Gaskets
NA_110302030900	Type LB Condulets
NA_110000000000	Conduit, Fittings, & Raceway
NA_110300000000	Electrical Conduit & Fittings
NA_110302000000	Metallic Conduit & Fittings
NA_110302030000	Conduit Body, Covers, & Gaskets
NA_110302030900	Type LB Condulets
NA_240000000000	Wiring Devices & Wallplates
NA_240600000000	Receptacles
NA_240607000000	Straight Blade
NA_240607010000	Duplex
NA_240000000000	Wiring Devices & Wallplates
NA_240400000000	Plugs & Connectors
NA_240405000000	Twist Lock Devices
NA_240405020000	Connectors
NA_160000000000	Fasteners & Hardwares
NA_160400000000	Fasteners
NA_160402000000	Nuts & Washers
NA_160402010000	Nuts
NA_160402010700	Hex Nuts
NA_250000000000	Tools & Instruments
NA_251500000000	Power Tools & Attachments
NA_251503000000	Corded Power Tools
NA_251503410000	Saws
NA_251503410100	Band Saws
NA_120000000000	Automation & Controls
NA_120900000000	Operators
NA_120903000000	Indicator Pilot Lights
NA_120903040000	30mm
NA_240000000000	Wiring Devices & Wallplates
NA_240400000000	Plugs & Connectors
NA_240405000000	Twist Lock Devices
NA_240405020000	Connectors
NA_150000000000	Electrical Enclosures & Boxes
NA_150300000000	Electrical Enclosures
NA_150316000000	Pilot Device Enclosures
NA_150316020000	Non-Metallic
NA_120000000000	Automation & Controls
NA_120900000000	Operators
NA_120909000000	Push Buttons
NA_120909050000	Boots, Heads & Caps
NA_120000000000	Automation & Controls
NA_120900000000	Operators
NA_120909000000	Push Buttons
NA_120909040000	30mm
NA_120909040200	Non-Illuminated
NA_120000000000	Automation & Controls
NA_120900000000	Operators
NA_120910000000	Selector Switches
NA_120910040000	30mm
NA_120910040200	Non-Illuminated
NA_240000000000	Wiring Devices & Wallplates
NA_240700000000	Switches
NA_240703000000	Wall Switches
NA_240703090000	Toggle Switches
NA_240703090100	Commercial Grade
NA_250000000000	Tools & Instruments
NA_251500000000	Power Tools & Attachments
NA_251503000000	Corded Power Tools
NA_251503400000	Sanders and Grinders
NA_251503400500	Grinders
NA_120000000000	Automation & Controls
NA_120900000000	Operators
NA_120903000000	Indicator Pilot Lights
NA_120903040000	30mm
NA_240000000000	Wiring Devices & Wallplates
NA_240600000000	Receptacles
NA_240607000000	Straight Blade
NA_240607030000	Single
NA_240000000000	Wiring Devices & Wallplates
NA_240600000000	Receptacles
NA_240607000000	Straight Blade
NA_240607030000	Single
NA_280000000000	Wire, Cords & Cables
NA_280300000000	DataComm & Low Voltage Cable
NA_280305000000	Voice, Data & Video Cables
NA_280305160000	Patch Cords
NA_120000000000	Automation & Controls
NA_120900000000	Operators
NA_120909000000	Push Buttons
NA_120909040000	30mm
NA_120909040200	Non-Illuminated
NA_120000000000	Automation & Controls
NA_120900000000	Operators
NA_120909000000	Push Buttons
NA_120909040000	30mm
NA_120909040200	Non-Illuminated
NA_120000000000	Automation & Controls
NA_120900000000	Operators
NA_120910000000	Selector Switches
NA_120910040000	30mm
NA_120910040200	Non-Illuminated
NA_160000000000	Fasteners & Hardware
NA_160300000000	Cable, Chain & Rope
NA_160302000000	Fittings & Accessories
NA_160302170000	J-Hooks
NA_120000000000	Automation & Controls
NA_120900000000	Operators
NA_120909000000	Push Buttons
NA_120909040000	30mm
NA_120909040200	Non-Illuminated
NA_120000000000	Automation & Controls
NA_120900000000	Operators
NA_120909000000	Push Buttons
NA_120909040000	30mm
NA_120909040200	Non-Illuminated
NA_120000000000	Automation & Controls
NA_120200000000	Control System Connection Devices
NA_120203000000	Control System Connection Cables
NA_120000000000	Automation & Controls
NA_120200000000	Control System Connection Devices
NA_120203000000	Control System Connection Cables
NA_240000000000	Wiring Devices & Wallplates
NA_240700000000	Switches
NA_240703000000	Wall Switches
NA_240703010000	Decorator Switches
NA_160000000000	Fasteners & Hardware
NA_160300000000	Cable, Chain & Rope
NA_160303000000	Ropes
NA_160303110000	Twines
NA_160000000000	Fasteners & Hardware
NA_160300000000	Cable, Chain & Rope
NA_160303000000	Ropes
NA_160303080000	Poly Ropes
NA_120000000000	Automation & Controls
NA_120900000000	Operators
NA_120909000000	Push Buttons
NA_120909040000	30mm
NA_120909040100	Illuminated
NA_120000000000	Automation & Controls
NA_120900000000	Operators
NA_120909000000	Push Buttons
NA_120909040000	30mm
NA_120909040100	Illuminated
NA_120000000000	Automation & Controls
NA_120900000000	Operators
NA_120909000000	Push Buttons
NA_120909040000	30mm
NA_120909040100	Illuminated
NA_250000000000	Tools & Instruments
NA_251500000000	Power Tools & Attachments
NA_251503000000	Corded Power Tools
NA_251503400000	Sanders and Grinders
NA_251503400500	Grinders
NA_120000000000	Automation & Controls
NA_120900000000	Operators
NA_120910000000	Selector Switches
NA_120910040000	30mm
NA_120910040200	Non-Illuminated
NA_110000000000	Conduit, Fittings, & Raceway
NA_110300000000	Electrical Conduit & Fittings
NA_110302000000	Metallic Conduit & Fittings
NA_110302030000	Conduit Body, Covers, & Gaskets
NA_110302030900	Type LB Condulets
NA_110000000000	Conduit, Fittings, & Raceway
NA_110300000000	Electrical Conduit & Fittings
NA_110302000000	Metallic Conduit & Fittings
NA_110302030000	Conduit Body, Covers, & Gaskets
NA_110302030900	Type LB Condulets
NA_110000000000	Conduit, Fittings, & Raceway
NA_110300000000	Electrical Conduit & Fittings
NA_110302000000	Metallic Conduit & Fittings
NA_110302030000	Conduit Body, Covers, & Gaskets
NA_110302030900	Type LB Condulets
NA_110000000000	Conduit, Fittings, & Raceway
NA_110300000000	Electrical Conduit & Fittings
NA_110302000000	Metallic Conduit & Fittings
NA_110302030000	Conduit Body, Covers, & Gaskets
NA_110302030900	Type LB Condulets
NA_110000000000	Conduit, Fittings, & Raceway
NA_110300000000	Electrical Conduit & Fittings
NA_110302000000	Metallic Conduit & Fittings
NA_110302030000	Conduit Body, Covers, & Gaskets
NA_110302030900	Type LB Condulets
NA_110000000000	Conduit, Fittings, & Raceway
NA_110300000000	Electrical Conduit & Fittings
NA_110302000000	Metallic Conduit & Fittings
NA_110302030000	Conduit Body, Covers, & Gaskets
NA_110302030900	Type LB Condulets
NA_250000000000	Tools & Instruments
NA_250800000000	Hand Tools
NA_250855000000	Pliers
NA_250855280000	Tongue and Groove Pliers
NA_270000000000	Connectors, Marking, & Termination
NA_270100000000	Wire Bundling
NA_270104000000	Cable Ties
NA_250000000000	Tools & Instruments
NA_251500000000	Power Tools & Attachments
NA_251503000000	Corded Power Tools
NA_251503410000	Saws
NA_251503410800	Reciprocating Saws
NA_120000000000	Automation & Controls
NA_120900000000	Operators
NA_120909000000	Push Buttons
NA_120909040000	30mm
NA_120909040100	Illuminated
NA_120000000000	Automation & Controls
NA_120900000000	Operators
NA_120909000000	Push Buttons
NA_120909040000	30mm
NA_120909040100	Illuminated
NA_120000000000	Automation & Controls
NA_120900000000	Operators
NA_120909000000	Push Buttons
NA_120909040000	30mm
NA_120909040100	Illuminated
NA_120000000000	Automation & Controls
NA_120900000000	Operators
NA_120909000000	Push Buttons
NA_120909040000	30mm
NA_120909040100	Illuminated
NA_220000000000	Safety
NA_221300000000	Warning Signs & Labels
NA_221309000000	Labels and Markers
NA_221309050000	Warning Labels
NA_120000000000	Automation & Controls
NA_120900000000	Operators
NA_120909000000	Push Buttons
NA_120909040000	30mm
NA_120909040100	Illuminated
NA_160000000000	Fasteners & Hardware
NA_160300000000	Cable, Chain & Rope
NA_160303000000	Ropes
NA_160303080000	Poly Ropes
NA_110000000000	Conduit, Fittings, & Raceway
NA_110300000000	Electrical Conduit & Fittings
NA_110302000000	Metallic Conduit & Fittings
NA_110302030000	Conduit Body, Covers, & Gaskets
NA_110302030900	Type LB Condulets
NA_120000000000	Automation & Controls
NA_120900000000	Operators
NA_120909000000	Push Buttons
NA_120909040000	30mm
NA_120909040200	Non-Illuminated
NA_120000000000	Automation & Controls
NA_120900000000	Operators
NA_120909000000	Push Buttons
NA_120909040000	30mm
NA_120909040200	Non-Illuminated
NA_120000000000	Automation & Controls
NA_120900000000	Operators
NA_120903000000	Indicator Pilot Lights
NA_120903040000	30mm
NA_120000000000	Automation & Controls
NA_120900000000	Operators
NA_120903000000	Indicator Pilot Lights
NA_120903040000	30mm
NA_250000000000	Tools & Instruments
NA_251500000000	Power Tools & Attachments
NA_251503000000	Corded Power Tools
NA_251503400000	Sanders and Grinders
NA_251503400500	Grinders
NA_120000000000	Automation & Controls
NA_120900000000	Operators
NA_120909000000	Push Buttons
NA_120909040000	30mm
NA_120909040100	Illuminated
NA_250000000000	Tools & Instruments
NA_251500000000	Power Tools & Attachments
NA_251501000000	Attachments
NA_251501090000	Drill Bits
NA_251501090400	Auger Bits
NA_250000000000	Tools & Instruments
NA_251500000000	Power Tools & Attachments
NA_251501000000	Attachments
NA_251501090000	Drill Bits
NA_251501090400	Auger Bits
NA_250000000000	Tools & Instruments
NA_251500000000	Power Tools & Attachments
NA_251501000000	Attachments
NA_251501090000	Drill Bits
NA_251501090400	Auger Bits
NA_110000000000	Conduit, Fittings, & Raceway
NA_110300000000	Electrical Conduit & Fittings
NA_110302000000	Metallic Conduit & Fittings
NA_110302030000	Conduit Body, Covers, & Gaskets
NA_110302030900	Type LB Condulets
NA_120000000000	Automation & Controls
NA_120900000000	Operators
NA_120909000000	Push Buttons
NA_120909040000	30mm
NA_120909040200	Non-Illuminated
NA_160000000000	Fasteners & Hardware
NA_160100000000	Fastener Assortments
NA_160101000000	Anchor Kit
NA_250000000000	Tools & Instruments
NA_251500000000	Power Tools & Attachments
NA_251503000000	Corded Power Tools
NA_251503410000	Saws
NA_251503410300	Circular Saws
NA_120000000000	Automation & Controls
NA_120900000000	Operators
NA_120910000000	Selector Switches
NA_120910040000	30mm
NA_120910040200	Non-Illuminated
NA_120000000000	Automation & Controls
NA_120900000000	Operators
NA_120909000000	Push Buttons
NA_120909040000	30mm
NA_120909040100	Illuminated
NA_120000000000	Automation & Controls
NA_120900000000	Operators
NA_120909000000	Push Buttons
NA_120909040000	30mm
NA_120909040200	Non-Illuminated
NA_120000000000	Automation & Controls
NA_120900000000	Operators
NA_120909000000	Push Buttons
NA_120909040000	30mm
NA_120909040200	Non-Illuminated
NA_120000000000	Automation & Controls
NA_120900000000	Operators
NA_120909000000	Push Buttons
NA_120909040000	30mm
NA_120909040100	Illuminated
NA_120000000000	Automation & Controls
NA_120900000000	Operators
NA_120909000000	Push Buttons
NA_120909040000	30mm
NA_120909040200	Non-Illuminated
NA_120000000000	Automation & Controls
NA_120900000000	Operators
NA_120909000000	Push Buttons
NA_120909040000	30mm
NA_120909040200	Non-Illuminated
NA_120000000000	Automation & Controls
NA_120900000000	Operators
NA_120909000000	Push Buttons
NA_120909040000	30mm
NA_120909040200	Non-Illuminated
NA_120000000000	Automation & Controls
NA_120900000000	Operators
NA_120909000000	Push Buttons
NA_120909040000	30mm
NA_120909040100	Illuminated
NA_250000000000	Tools & Instruments
NA_251500000000	Power Tools & Attachments
NA_251503000000	Corded Power Tools
NA_251503400000	Sanders and Grinders
NA_251503400500	Grinders
NA_120000000000	Automation & Controls
NA_120900000000	Operators
NA_120909000000	Push Buttons
NA_120909040000	30mm
NA_120909040100	Illuminated
NA_120000000000	Automation & Controls
NA_120900000000	Operators
NA_120905000000	Legend Plates
NA_220000000000	Safety Products
NA_220900000000	Personal Protective Equipment
NA_221100000000	Safety Apparel
NA_221102000000	Chemical Splash-Resistant Clothing
NA_221102050000	Chemical Resistant Coveralls
NA_250000000000	Tools & Instruments
NA_251500000000	Power Tools & Attachments
NA_251503000000	Corded Power Tools
NA_251503410000	Saws
NA_251503410100	Band Saws
NA_120000000000	Automation & Controls
NA_120900000000	Operators
NA_120909000000	Push Buttons
NA_120909040000	30mm
NA_120909040100	Illuminated
NA_120000000000	Automation & Controls
NA_120900000000	Operators
NA_120910000000	Selector Switches
NA_120910040000	30mm
NA_120910040200	Non-Illuminated
NA_120000000000	Automation & Controls
NA_120900000000	Operators
NA_120909000000	Push Buttons
NA_120909040000	30mm
NA_120909040100	Illuminated
NA_280000000000	Wire, Cords & Cables
NA_280300000000	DataComm & Low Voltage Cable
NA_280305000000	Voice, Data & Video Cables
NA_280305160000	Patch Cords
NA_280000000000	Wire, Cords & Cables
NA_280300000000	DataComm & Low Voltage Cable
NA_280305000000	Voice, Data & Video Cables
NA_280305160000	Patch Cords
NA_280000000000	Wire, Cords & Cables
NA_280300000000	DataComm & Low Voltage Cable
NA_280305000000	Voice, Data & Video Cables
NA_280305160000	Patch Cords
NA_250000000000	Tools & Instruments
NA_251500000000	Power Tools & Attachments
NA_251503000000	Corded Power Tools
NA_251503400000	Sanders and Grinders
NA_251503400500	Grinders
NA_250000000000	Tools & Instruments
NA_251500000000	Power Tools & Attachments
NA_251503000000	Corded Power Tools
NA_251503400000	Sanders and Grinders
NA_251503400500	Grinders
NA_120000000000	Automation & Controls
NA_120900000000	Operators
NA_120911000000	Surface-Mount Control Stations
NA_250000000000	Tools & Instruments
NA_251500000000	Power Tools & Attachments
NA_251503000000	Corded Power Tools
NA_251503410000	Saws
NA_251503410200	Chop Saws
NA_160000000000	Fasteners & Hardware
NA_160300000000	Cable, Chain & Rope
NA_160303000000	Ropes
NA_160303120000	Wire Ropes
NA_220000000000	Safety Products
NA_220900000000	Personal Protective Equipment
NA_220908000000	Hard Hats & Head Protections
NA_220908070000	Hard Hats
NA_220000000000	Safety Products
NA_220900000000	Personal Protective Equipment
NA_220908000000	Hard Hats & Head Protections
NA_220908070000	Hard Hats
NA_160000000000	Fasteners & Hardwares
NA_160400000000	Fasteners
NA_160402000000	Nuts & Washers
NA_160402010000	Nuts
NA_160402010700	Hex Nuts
NA_250000000000	Tools & Instruments
NA_251500000000	Power Tools & Attachments
NA_251501000000	Attachments
NA_251501090000	Drill Bits
NA_251501092800	Masonry Bits
NA_250000000000	Tools & Instruments
NA_251500000000	Power Tools & Attachments
NA_251501000000	Attachments
NA_251501090000	Drill Bits
NA_251501090100	Aircraft Extension Drill Bits
NA_120000000000	Automation & Controls
NA_120900000000	Operators
NA_120911000000	Surface-Mount Control Stations
NA_250000000000	Tools & Instruments
NA_251500000000	Power Tools & Attachments
NA_251501000000	Attachments
NA_251501090000	Drill Bits
NA_251501090100	Aircraft Extension Drill Bits
NA_120000000000	Automation & Controls
NA_120900000000	Operators
NA_120905000000	Legend Plates
NA_280000000000	Wire, Cords & Cables
NA_280300000000	DataComm & Low Voltage Cable
NA_280305000000	Voice, Data & Video Cables
NA_280305160000	Patch Cords
NA_280000000000	Wire, Cords & Cables
NA_280300000000	DataComm & Low Voltage Cable
NA_280305000000	Voice, Data & Video Cables
NA_280305160000	Patch Cords
NA_250000000000	Tools & Instruments
NA_251500000000	Power Tools & Attachments
NA_251501000000	Attachments
NA_251501090000	Drill Bits
NA_251501091800	Drill Bit Sets
NA_120000000000	Automation & Controls
NA_120900000000	Operators
NA_120909000000	Push Buttons
NA_120909040000	30mm
NA_120909040200	Non-Illuminated
NA_120000000000	Automation & Controls
NA_120900000000	Operators
NA_120909000000	Push Buttons
NA_120909040000	30mm
NA_120909040200	Non-Illuminated
NA_120000000000	Automation & Controls
NA_120900000000	Operators
NA_120909000000	Push Buttons
NA_120909040000	30mm
NA_120909040200	Non-Illuminated
NA_120000000000	Automation & Controls
NA_120900000000	Operators
NA_120909000000	Push Buttons
NA_120909040000	30mm
NA_120909040200	Non-Illuminated
NA_120000000000	Automation & Controls
NA_120900000000	Operators
NA_120910000000	Selector Switches
NA_120910040000	30mm
NA_120910040200	Non-Illuminated
NA_160000000000	Fasteners & Hardware
NA_160300000000	Cable, Chain & Rope
NA_160302000000	Fittings & Accessories
NA_160302200000	Rope Grab Hardware
NA_120000000000	Automation & Controls
NA_120900000000	Operators
NA_120909000000	Push Buttons
NA_120909040000	30mm
NA_120909040200	Non-Illuminated
NA_280000000000	Wire, Cords & Cables
NA_280300000000	DataComm & Low Voltage Cable
NA_280305000000	Voice, Data & Video Cables
NA_280305080000	Fiber Optic Cables
NA_280000000000	Wire, Cords & Cables
NA_280300000000	DataComm & Low Voltage Cable
NA_280305000000	Voice, Data & Video Cables
NA_280305080000	Fiber Optic Cables
NA_280000000000	Wire, Cords & Cables
NA_280300000000	DataComm & Low Voltage Cable
NA_280305000000	Voice, Data & Video Cables
NA_280305160000	Patch Cords
NA_160000000000	Fasteners & Hardware
NA_160100000000	Fastener Assortments
NA_160101000000	Anchor Kit
NA_120000000000	Automation & Controls
NA_120900000000	Operators
NA_120910000000	Selector Switches
NA_120910040000	30mm
NA_120910040200	Non-Illuminated
NA_160000000000	Fasteners & Hardwares
NA_160400000000	Fasteners
NA_160402000000	Nuts & Washers
NA_160402010000	Nuts
NA_160402010200	Cap Nuts
NA_120000000000	Automation & Controls
NA_120900000000	Operators
NA_120909000000	Push Buttons
NA_120909040000	30mm
NA_120909040200	Non-Illuminated
NA_120000000000	Automation & Controls
NA_120900000000	Operators
NA_120909000000	Push Buttons
NA_120909040000	30mm
NA_120909040200	Non-Illuminated
NA_160000000000	Fasteners & Hardware
NA_160300000000	Cable, Chain & Rope
NA_160302000000	Fittings & Accessories
NA_160302170000	J-Hooks
NA_120000000000	Automation & Controls
NA_120900000000	Operators
NA_120909000000	Push Buttons
NA_120909040000	30mm
NA_120909040100	Illuminated
NA_120000000000	Automation & Controls
NA_120900000000	Operators
NA_120909000000	Push Buttons
NA_120909040000	30mm
NA_120909040200	Non-Illuminated
NA_250000000000	Tools & Instruments
NA_250800000000	Hand Tools
NA_250855000000	Pliers
NA_250855110000	Long Nose Pliers
NA_120000000000	Automation & Controls
NA_120900000000	Operators
NA_120909000000	Push Buttons
NA_120909040000	30mm
NA_120909040200	Non-Illuminated
NA_240000000000	Wiring Devices & Wallplates
NA_240600000000	Receptacles
NA_240607000000	Straight Blade
NA_240607030000	Single
NA_240000000000	Wiring Devices & Wallplates
NA_240400000000	Plugs & Connectors
NA_240405000000	Twist Lock Devices
NA_240405020000	Connectors
NA_120000000000	Automation & Controls
NA_120900000000	Operators
NA_120911000000	Surface-Mount Control Stations
NA_120000000000	Automation & Controls
NA_120900000000	Operators
NA_120909000000	Push Buttons
NA_120909040000	30mm
NA_120909040200	Non-Illuminated
NA_120000000000	Automation & Controls
NA_120900000000	Operators
NA_120903000000	Indicator Pilot Lights
NA_120903040000	30mm
NA_120000000000	Automation & Controls
NA_120900000000	Operators
NA_120905000000	Legend Plates
NA_160000000000	Fasteners & Hardwares
NA_160400000000	Fasteners
NA_160402000000	Nuts & Washers
NA_160402020000	Washers
NA_160402020500	Flat Washers
NA_120000000000	Automation & Controls
NA_120900000000	Operators
NA_120909000000	Push Buttons
NA_120909040000	30mm
NA_120909040100	Illuminated
NA_120000000000	Automation & Controls
NA_120900000000	Operators
NA_120910000000	Selector Switches
NA_120910040000	30mm
NA_120910040200	Non-Illuminated
NA_160000000000	Fasteners & Hardware
NA_160100000000	Fastener Assortments
NA_160101000000	Anchor Kit
NA_250000000000	Tools & Instruments
NA_250800000000	Hand Tools
NA_250855000000	Pliers
NA_250855050000	Diagonal Cutting Pliers
NA_250000000000	Tools & Instruments
NA_250800000000	Hand Tools
NA_250855000000	Pliers
NA_250855110000	Long Nose Pliers
NA_220000000000	Safety
NA_221300000000	Warning Signs & Labels
NA_221309000000	Labels and Markers
NA_221309020000	Identification Labels
NA_120000000000	Automation & Controls
NA_120900000000	Operators
NA_120909000000	Push Buttons
NA_120909040000	30mm
NA_120909040200	Non-Illuminated
NA_160000000000	Fasteners & Hardware
NA_160300000000	Cable, Chain & Rope
NA_160303000000	Ropes
NA_160303120000	Wire Ropes
NA_160000000000	Fasteners & Hardwares
NA_160400000000	Fasteners
NA_160402000000	Nuts & Washers
NA_160402020000	Washers
NA_160402020500	Flat Washers
NA_120000000000	Automation & Controls
NA_120900000000	Operators
NA_120907000000	Pilot Device Parts & Accessories
NA_250000000000	Tools & Instruments
NA_251500000000	Power Tools & Attachments
NA_251503000000	Corded Power Tools
NA_251503410000	Saws
NA_251503410800	Reciprocating Saws
NA_120000000000	Automation & Controls
NA_120900000000	Operators
NA_120909000000	Push Buttons
NA_120909040000	30mm
NA_120909040200	Non-Illuminated
NA_120000000000	Automation & Controls
NA_120900000000	Operators
NA_120911000000	Surface-Mount Control Stations
NA_120000000000	Automation & Controls
NA_120900000000	Operators
NA_120909000000	Push Buttons
NA_120909040000	30mm
NA_120909040200	Non-Illuminated
NA_160000000000	Fasteners & Hardwares
NA_160400000000	Fasteners
NA_160402000000	Nuts & Washers
NA_160402010000	Nuts
NA_160402011100	Strut Nuts
NA_250000000000	Tools & Instruments
NA_250800000000	Hand Tools
NA_250855000000	Pliers
NA_250855050000	Diagonal Cutting Pliers
NA_240000000000	Wiring Devices & Wallplates
NA_240600000000	Receptacles
NA_240607000000	Straight Blade
NA_240607030000	Single
NA_280000000000	Wire, Cords & Cables
NA_280300000000	DataComm & Low Voltage Cable
NA_280305000000	Voice, Data & Video Cables
NA_280305160000	Patch Cords
NA_280000000000	Wire, Cords & Cables
NA_280300000000	DataComm & Low Voltage Cable
NA_280305000000	Voice, Data & Video Cables
NA_280305160000	Patch Cords
NA_160000000000	Fasteners & Hardware
NA_160300000000	Cable, Chain & Rope
NA_160303000000	Ropes
NA_160303120000	Wire Ropes
NA_160000000000	Fasteners & Hardware
NA_160300000000	Cable, Chain & Rope
NA_160303000000	Ropes
NA_160303080000	Poly Ropes
NA_160000000000	Fasteners & Hardware
NA_160100000000	Fastener Assortments
NA_160101000000	Anchor Kit
NA_120000000000	Automation & Controls
NA_120900000000	Operators
NA_120909000000	Push Buttons
NA_120909040000	30mm
NA_120909040200	Non-Illuminated
NA_160000000000	Fasteners & Hardware
NA_160300000000	Cable, Chain & Rope
NA_160302000000	Fittings & Accessories
NA_160302170000	J-Hooks
NA_280000000000	Wire, Cords & Cables
NA_280300000000	DataComm & Low Voltage Cable
NA_280305000000	Voice, Data & Video Cables
NA_280305160000	Patch Cords
NA_240000000000	Wiring Devices & Wallplates
NA_240600000000	Receptacles
NA_240607000000	Straight Blade
NA_240607030000	Single
NA_160000000000	Fasteners & Hardware
NA_160300000000	Cable, Chain & Rope
NA_160303000000	Ropes
NA_160303070000	Nylon Ropes
NA_240000000000	Wiring Devices & Wallplates
NA_240600000000	Receptacles
NA_240601000000	GFCI & AFCI
NA_240601010000	Duplex
NA_120000000000	Automation & Controls
NA_120900000000	Operators
NA_120909000000	Push Buttons
NA_120909040000	30mm
NA_120909040100	Illuminated
NA_120000000000	Automation & Controls
NA_121300000000	Terminal Blocks, Wiring Systems & Connectors
NA_121305000000	Terminal Block Accessories
NA_121305160000	Shorting Links/Jumpers
NA_240000000000	Wiring Devices & Wallplates
NA_240700000000	Switches
NA_240703000000	Wall Switches
NA_240703030000	Paddle Switches
NA_120000000000	Automation & Controls
NA_121300000000	Terminal Blocks, Wiring Systems & Connectors
NA_121305000000	Terminal Block Accessories
NA_121305160000	Shorting Links/Jumpers
NA_240000000000	Wiring Devices & Wallplates
NA_240700000000	Switches
NA_240703000000	Wall Switches
NA_240703020000	Dimmer Switches
NA_240703020300	Residential Dimmers
NA_120000000000	Automation & Controls
NA_120900000000	Operators
NA_120909000000	Push Buttons
NA_120909070000	Push Button Parts & Accessories
NA_120000000000	Automation & Controls
NA_120900000000	Operators
NA_120909000000	Push Buttons
NA_120909040000	30mm
NA_120909040200	Non-Illuminated
NA_120000000000	Automation & Controls
NA_120900000000	Operators
NA_120909000000	Push Buttons
NA_120909040000	30mm
NA_120909040200	Non-Illuminated
NA_160000000000	Fasteners & Hardware
NA_160300000000	Cable, Chain & Rope
NA_160302000000	Fittings & Accessories
NA_160302170000	J-Hooks
NA_240000000000	Wiring Devices & Wallplates
NA_240400000000	Plugs & Connectors
NA_240405000000	Twist Lock Devices
NA_240405020000	Connectors
NA_240000000000	Wiring Devices & Wallplates
NA_240700000000	Switches
NA_240701000000	Appliance Switches
NA_240701040000	Push Switches
NA_240000000000	Wiring Devices & Wallplates
NA_240400000000	Plugs & Connectors
NA_240405000000	Twist Lock Devices
NA_240405020000	Connectors
NA_240000000000	Wiring Devices & Wallplates
NA_240600000000	Receptacles
NA_240607000000	Straight Blade
NA_240607010000	Duplex
NA_240000000000	Wiring Devices & Wallplates
NA_240600000000	Receptacles
NA_240607000000	Straight Blade
NA_240607030000	Single
NA_120000000000	Automation & Controls
NA_121300000000	Terminal Blocks, Wiring Systems & Connectors
NA_121305000000	Terminal Block Accessories
NA_121305160000	Shorting Links/Jumpers
NA_250000000000	Tools & Instruments
NA_250800000000	Hand Tools
NA_250855000000	Pliers
NA_250855280000	Tongue and Groove Pliers
NA_120000000000	Automation & Controls
NA_121000000000	PLCs & HMI Devices
NA_121001000000	HMI
NA_121001010000	HMI Parts & Accessories
NA_240000000000	Wiring Devices & Wallplates
NA_240700000000	Switches
NA_240703000000	Wall Switches
NA_240703010000	Decorator Switches
NA_120000000000	Automation & Controls
NA_120900000000	Operators
NA_120909000000	Push Buttons
NA_120909040000	30mm
NA_120909040200	Non-Illuminated
NA_120000000000	Automation & Controls
NA_120900000000	Operators
NA_120909000000	Push Buttons
NA_120909040000	30mm
NA_120909040200	Non-Illuminated
NA_160000000000	Fasteners & Hardware
NA_160100000000	Fastener Assortments
NA_160101000000	Anchor Kit
NA_160000000000	Fasteners & Hardware
NA_160800000000	Miscellaneous Fasteners
NA_160808000000	Rivets
NA_120000000000	Automation & Controls
NA_120900000000	Operators
NA_120909000000	Push Buttons
NA_120909040000	30mm
NA_120909040100	Illuminated
NA_240000000000	Wiring Devices & Wallplates
NA_240700000000	Switches
NA_240703000000	Wall Switches
NA_240703010000	Decorator Switches
NA_120000000000	Automation & Controls
NA_120200000000	Control System Connection Devices
NA_120203000000	Control System Connection Cables
NA_240000000000	Wiring Devices & Wallplates
NA_240700000000	Switches
NA_240703000000	Wall Switches
NA_240703050000	Remote Switches
NA_240000000000	Wiring Devices & Wallplates
NA_240400000000	Plugs & Connectors
NA_240405000000	Twist Lock Devices
NA_240405020000	Connectors
NA_160000000000	Fasteners & Hardware
NA_160300000000	Cable, Chain & Rope
NA_160302000000	Fittings & Accessories
NA_160302170000	J-Hooks
NA_160000000000	Fasteners & Hardware
NA_160300000000	Cable, Chain & Rope
NA_160302000000	Fittings & Accessories
NA_160302170000	J-Hooks
NA_250000000000	Tools & Instruments
NA_251500000000	Power Tools & Attachments
NA_251501000000	Attachments
NA_251501090000	Drill Bits
NA_251501090400	Auger Bits
NA_120000000000	Automation & Controls
NA_120900000000	Operators
NA_120907000000	Pilot Device Parts & Accessories
NA_120000000000	Automation & Controls
NA_120900000000	Operators
NA_120905000000	Legend Plates
NA_120000000000	Automation & Controls
NA_120900000000	Operators
NA_120909000000	Push Buttons
NA_120909040000	30mm
NA_120909040200	Non-Illuminated
NA_120000000000	Automation & Controls
NA_120200000000	Control System Connection Devices
NA_120203000000	Control System Connection Cables
NA_240000000000	Wiring Devices & Wallplates
NA_240700000000	Switches
NA_240703000000	Wall Switches
NA_240703060000	Rocker Switches
NA_240703060100	1-Pole
NA_160000000000	Fasteners & Hardware
NA_160100000000	Fastener Assortments
NA_160101000000	Anchor Kit
NA_120000000000	Automation & Controls
NA_120900000000	Operators
NA_120905000000	Legend Plates
NA_120000000000	Automation & Controls
NA_120900000000	Operators
NA_120905000000	Legend Plates
NA_120000000000	Automation & Controls
NA_120900000000	Operators
NA_120905000000	Legend Plates
NA_120000000000	Automation & Controls
NA_120900000000	Operators
NA_120905000000	Legend Plates
NA_120000000000	Automation & Controls
NA_120900000000	Operators
NA_120905000000	Legend Plates
NA_280000000000	Wire, Cords & Cables
NA_280300000000	DataComm & Low Voltage Cable
NA_280305000000	Voice, Data & Video Cables
NA_280305100000	HDMI Cables
NA_120000000000	Automation & Controls
NA_120900000000	Operators
NA_120909000000	Push Buttons
NA_120909040000	30mm
NA_120909040100	Illuminated
NA_120000000000	Automation & Controls
NA_120900000000	Operators
NA_120909000000	Push Buttons
NA_120909040000	30mm
NA_120909040100	Illuminated
NA_250000000000	Tools & Instruments
NA_251500000000	Power Tools & Attachments
NA_251503000000	Corded Power Tools
NA_251503400000	Sanders and Grinders
NA_251503400500	Grinders
NA_240000000000	Wiring Devices & Wallplates
NA_240400000000	Plugs & Connectors
NA_240404000000	Straight Blade Devices
NA_240404010000	Connectors
NA_240000000000	Wiring Devices & Wallplates
NA_240600000000	Receptacles
NA_240609000000	Twist Lock
NA_240609030000	Single
NA_160000000000	Fasteners & Hardware
NA_160300000000	Cable, Chain & Rope
NA_160303000000	Ropes
NA_160303080000	Poly Ropes
NA_120000000000	Automation & Controls
NA_120900000000	Operators
NA_120909000000	Push Buttons
NA_120909040000	30mm
NA_120909040100	Illuminated
NA_240000000000	Wiring Devices & Wallplates
NA_240400000000	Plugs & Connectors
NA_240405000000	Twist Lock Devices
NA_240405020000	Connectors
NA_120000000000	Automation & Controls
NA_120900000000	Operators
NA_120911000000	Surface-Mount Control Stations
NA_250000000000	Tools & Instruments
NA_251500000000	Power Tools & Attachments
NA_251501000000	Attachments
NA_251501090000	Drill Bits
NA_251501094200	Step Bits
NA_250000000000	Tools & Instruments
NA_251500000000	Power Tools & Attachments
NA_251501000000	Attachments
NA_251501090000	Drill Bits
NA_251501094200	Step Bits
NA_250000000000	Tools & Instruments
NA_251500000000	Power Tools & Attachments
NA_251501000000	Attachments
NA_251501090000	Drill Bits
NA_251501094200	Step Bits
NA_250000000000	Tools & Instruments
NA_251500000000	Power Tools & Attachments
NA_251501000000	Attachments
NA_251501090000	Drill Bits
NA_251501094200	Step Bits
NA_250000000000	Tools & Instruments
NA_251500000000	Power Tools & Attachments
NA_251501000000	Attachments
NA_251501090000	Drill Bits
NA_251501094200	Step Bits
NA_270000000000	Connectors, Marking, & Termination
NA_270100000000	Wire Bundling
NA_270104000000	Cable Ties
NA_120000000000	Automation & Controls
NA_120900000000	Operators
NA_120911000000	Surface-Mount Control Stations
NA_250000000000	Tools & Instruments
NA_251500000000	Power Tools & Attachments
NA_251503000000	Corded Power Tools
NA_251503410000	Saws
NA_251503410900	Saw Accessories
NA_120000000000	Automation & Controls
NA_120900000000	Operators
NA_120909000000	Push Buttons
NA_120909040000	30mm
NA_120909040200	Non-Illuminated
NA_250000000000	Tools & Instruments
NA_251500000000	Power Tools & Attachments
NA_251503000000	Corded Power Tools
NA_251503410000	Saws
NA_251503410100	Band Saws
NA_120000000000	Automation & Controls
NA_120900000000	Operators
NA_120909000000	Push Buttons
NA_120909040000	30mm
NA_120909040100	Illuminated
NA_120000000000	Automation & Controls
NA_120900000000	Operators
NA_120909000000	Push Buttons
NA_120909040000	30mm
NA_120909040200	Non-Illuminated
NA_150000000000	Electrical Enclosures & Boxes
NA_150300000000	Electrical Enclosures
NA_150316000000	Pilot Device Enclosures
NA_150316020000	Non-Metallic
NA_120000000000	Automation & Controls
NA_120900000000	Operators
NA_120909000000	Push Buttons
NA_120909070000	Push Button Parts & Accessories
NA_120000000000	Automation & Controls
NA_120900000000	Operators
NA_120909000000	Push Buttons
NA_120909040000	30mm
NA_120909040200	Non-Illuminated
NA_250000000000	Tools & Instruments
NA_251500000000	Power Tools & Attachments
NA_251503000000	Corded Power Tools
NA_251503400000	Sanders and Grinders
NA_251503400500	Grinders
NA_120000000000	Automation & Controls
NA_120900000000	Operators
NA_120909000000	Push Buttons
NA_120909040000	30mm
NA_120909040200	Non-Illuminated
NA_120000000000	Automation & Controls
NA_120900000000	Operators
NA_120909000000	Push Buttons
NA_120909040000	30mm
NA_120909040200	Non-Illuminated
NA_120000000000	Automation & Controls
NA_120900000000	Operators
NA_120907000000	Pilot Device Parts & Accessories
NA_120000000000	Automation & Controls
NA_120900000000	Operators
NA_120909000000	Push Buttons
NA_120909040000	30mm
NA_120909040200	Non-Illuminated
NA_120000000000	Automation & Controls
NA_120900000000	Operators
NA_120909000000	Push Buttons
NA_120909040000	30mm
NA_120909040200	Non-Illuminated
NA_220000000000	Safety Products
NA_220900000000	Personal Protective Equipment
NA_221100000000	Safety Apparel
NA_221109000000	Protection Clothing
NA_221109150000	Heated Outerwear
NA_120000000000	Automation & Controls
NA_120900000000	Operators
NA_120909000000	Push Buttons
NA_120909040000	30mm
NA_120909040200	Non-Illuminated
NA_160000000000	Fasteners & Hardware
NA_160100000000	Fastener Assortments
NA_160101000000	Anchor Kit
NA_120000000000	Automation & Controls
NA_120900000000	Operators
NA_120909000000	Push Buttons
NA_120909040000	30mm
NA_120909040200	Non-Illuminated
NA_240000000000	Wiring Devices & Wallplates
NA_240600000000	Receptacles
NA_240607000000	Straight Blade
NA_240607010000	Duplex
NA_120000000000	Automation & Controls
NA_120900000000	Operators
NA_120909000000	Push Buttons
NA_120909040000	30mm
NA_120909040200	Non-Illuminated
NA_250000000000	Tools & Instruments
NA_251500000000	Power Tools & Attachments
NA_251503000000	Corded Power Tools
NA_251503400000	Sanders and Grinders
NA_251503400500	Grinders
NA_250000000000	Tools & Instruments
NA_251500000000	Power Tools & Attachments
NA_251501000000	Attachments
NA_251501090000	Drill Bits
NA_251501090400	Auger Bits
NA_120000000000	Automation & Controls
NA_120900000000	Operators
NA_120909000000	Push Buttons
NA_120909040000	30mm
NA_120909040200	Non-Illuminated
NA_120000000000	Automation & Controls
NA_120900000000	Operators
NA_120909000000	Push Buttons
NA_120909040000	30mm
NA_120909040200	Non-Illuminated
NA_120000000000	Automation & Controls
NA_120900000000	Operators
NA_120909000000	Push Buttons
NA_120909040000	30mm
NA_120909040200	Non-Illuminated
NA_120000000000	Automation & Controls
NA_120900000000	Operators
NA_120909000000	Push Buttons
NA_120909040000	30mm
NA_120909040200	Non-Illuminated
NA_120000000000	Automation & Controls
NA_120900000000	Operators
NA_120909000000	Push Buttons
NA_120909040000	30mm
NA_120909040200	Non-Illuminated
NA_120000000000	Automation & Controls
NA_120200000000	Control System Connection Devices
NA_120203000000	Control System Connection Cables
NA_120000000000	Automation & Controls
NA_120900000000	Operators
NA_120909000000	Push Buttons
NA_120909040000	30mm
NA_120909040200	Non-Illuminated
NA_120000000000	Automation & Controls
NA_120900000000	Operators
NA_120909000000	Push Buttons
NA_120909040000	30mm
NA_120909040200	Non-Illuminated
NA_120000000000	Automation & Controls
NA_120200000000	Control System Connection Devices
NA_120203000000	Control System Connection Cables
NA_120000000000	Automation & Controls
NA_120900000000	Operators
NA_120909000000	Push Buttons
NA_120909040000	30mm
NA_120909040200	Non-Illuminated
NA_120000000000	Automation & Controls
NA_120200000000	Control System Connection Devices
NA_120203000000	Control System Connection Cables
NA_160000000000	Fasteners & Hardware
NA_160300000000	Cable, Chain & Rope
NA_160303000000	Ropes
NA_160303120000	Wire Ropes
NA_160000000000	Fasteners & Hardware
NA_160300000000	Cable, Chain & Rope
NA_160302000000	Fittings & Accessories
NA_160302240000	Snap Hooks
NA_120000000000	Automation & Controls
NA_120900000000	Operators
NA_120909000000	Push Buttons
NA_120909060000	Hazardous Location Push Buttons
NA_120909060200	Non-Illuminated
NA_120000000000	Automation & Controls
NA_120900000000	Operators
NA_120909000000	Push Buttons
NA_120909060000	Hazardous Location Push Buttons
NA_120909060200	Non-Illuminated
NA_120000000000	Automation & Controls
NA_120900000000	Operators
NA_120909000000	Push Buttons
NA_120909060000	Hazardous Location Push Buttons
NA_120909060200	Non-Illuminated
NA_220000000000	Safety
NA_221300000000	Warning Signs & Labels
NA_221309000000	Labels and Markers
NA_221309050000	Warning Labels
NA_240000000000	Wiring Devices & Wallplates
NA_240700000000	Switches
NA_240703000000	Wall Switches
NA_240703010000	Decorator Switches
NA_120000000000	Automation & Controls
NA_120900000000	Operators
NA_120909000000	Push Buttons
NA_120909040000	30mm
NA_120909040100	Illuminated
NA_120000000000	Automation & Controls
NA_120900000000	Operators
NA_120909000000	Push Buttons
NA_120909040000	30mm
NA_120909040100	Illuminated
NA_220000000000	Safety Products
NA_220900000000	Personal Protective Equipment
NA_221100000000	Safety Apparel
NA_221109000000	Protection Clothing
NA_221109150000	Heated Outerwear
NA_120000000000	Automation & Controls
NA_120900000000	Operators
NA_120909000000	Push Buttons
NA_120909040000	30mm
NA_120909040100	Illuminated
NA_160000000000	Fasteners & Hardware
NA_160100000000	Fastener Assortments
NA_160101000000	Anchor Kit
NA_160000000000	Fasteners & Hardware
NA_160100000000	Fastener Assortments
NA_160101000000	Anchor Kit
NA_120000000000	Automation & Controls
NA_120900000000	Operators
NA_120911000000	Surface-Mount Control Stations
NA_220000000000	Safety Products
NA_220900000000	Personal Protective Equipment
NA_221100000000	Safety Apparel
NA_221109000000	Protection Clothing
NA_221109150000	Heated Outerwear
NA_240000000000	Wiring Devices & Wallplates
NA_240700000000	Switches
NA_240703000000	Wall Switches
NA_240703030000	Paddle Switches
NA_120000000000	Automation & Controls
NA_120900000000	Operators
NA_120909000000	Push Buttons
NA_120909040000	30mm
NA_120909040200	Non-Illuminated
NA_120000000000	Automation & Controls
NA_120900000000	Operators
NA_120909000000	Push Buttons
NA_120909040000	30mm
NA_120909040200	Non-Illuminated
NA_240000000000	Wiring Devices & Wallplates
NA_240700000000	Switches
NA_240703000000	Wall Switches
NA_240703010000	Decorator Switches
NA_240000000000	Wiring Devices & Wallplates
NA_240700000000	Switches
NA_240703000000	Wall Switches
NA_240703010000	Decorator Switches
NA_250000000000	Tools & Instruments
NA_250800000000	Hand Tools
NA_250855000000	Pliers
NA_250855280000	Tongue and Groove Pliers
NA_160000000000	Fasteners & Hardware
NA_160300000000	Cable, Chain & Rope
NA_160302000000	Fittings & Accessories
NA_160302170000	J-Hooks
NA_160000000000	Fasteners & Hardware
NA_160300000000	Cable, Chain & Rope
NA_160302000000	Fittings & Accessories
NA_160302200000	Rope Grab Hardware
NA_220000000000	Safety Products
NA_220900000000	Personal Protective Equipment
NA_221100000000	Safety Apparel
NA_221109000000	Protection Clothing
NA_221109150000	Heated Outerwear
NA_220000000000	Safety Products
NA_220900000000	Personal Protective Equipment
NA_221100000000	Safety Apparel
NA_221110000000	Protective Cooling
NA_221110030000	Headwear
NA_120000000000	Automation & Controls
NA_120900000000	Operators
NA_120909000000	Push Buttons
NA_120909040000	30mm
NA_120909040200	Non-Illuminated
NA_220000000000	Safety Products
NA_220900000000	Personal Protective Equipment
NA_221100000000	Safety Apparel
NA_221109000000	Protection Clothing
NA_221109150000	Heated Outerwear
NA_250000000000	Tools & Instruments
NA_250800000000	Hand Tools
NA_250855000000	Pliers
NA_250855060000	End Cutting Pliers
NA_120000000000	Automation & Controls
NA_120900000000	Operators
NA_120909000000	Push Buttons
NA_120909040000	30mm
NA_120909040200	Non-Illuminated
NA_120000000000	Automation & Controls
NA_120900000000	Operators
NA_120911000000	Surface-Mount Control Stations
NA_220000000000	Safety Products
NA_220900000000	Personal Protective Equipment
NA_220905000000	Fall Protection
NA_220905030000	Climbing Devices
NA_120000000000	Automation & Controls
NA_120900000000	Operators
NA_120909000000	Push Buttons
NA_120909040000	30mm
NA_120909040200	Non-Illuminated
NA_150000000000	Electrical Enclosures & Boxes
NA_150300000000	Electrical Enclosures
NA_150316000000	Pilot Device Enclosures
NA_150316020000	Non-Metallic
NA_120000000000	Automation & Controls
NA_120900000000	Operators
NA_120909000000	Push Buttons
NA_120909040000	30mm
NA_120909040100	Illuminated
NA_120000000000	Automation & Controls
NA_121300000000	Terminal Blocks, Wiring Systems & Connectors
NA_121305000000	Terminal Block Accessories
NA_121305160000	Shorting Links/Jumpers
NA_120000000000	Automation & Controls
NA_120900000000	Operators
NA_120909000000	Push Buttons
NA_120909040000	30mm
NA_120909040200	Non-Illuminated
NA_120000000000	Automation & Controls
NA_120900000000	Operators
NA_120909000000	Push Buttons
NA_120909040000	30mm
NA_120909040100	Illuminated
NA_120000000000	Automation & Controls
NA_120900000000	Operators
NA_120909000000	Push Buttons
NA_120909040000	30mm
NA_120909040200	Non-Illuminated
NA_120000000000	Automation & Controls
NA_120900000000	Operators
NA_120909000000	Push Buttons
NA_120909040000	30mm
NA_120909040200	Non-Illuminated
NA_120000000000	Automation & Controls
NA_120900000000	Operators
NA_120909000000	Push Buttons
NA_120909040000	30mm
NA_120909040100	Illuminated
NA_120000000000	Automation & Controls
NA_120900000000	Operators
NA_120909000000	Push Buttons
NA_120909040000	30mm
NA_120909040200	Non-Illuminated
NA_120000000000	Automation & Controls
NA_120200000000	Control System Connection Devices
NA_120203000000	Control System Connection Cables
NA_120000000000	Automation & Controls
NA_120900000000	Operators
NA_120911000000	Surface-Mount Control Stations
NA_120000000000	Automation & Controls
NA_120900000000	Operators
NA_120909000000	Push Buttons
NA_120909040000	30mm
NA_120909040200	Non-Illuminated
NA_120000000000	Automation & Controls
NA_120900000000	Operators
NA_120909000000	Push Buttons
NA_120909040000	30mm
NA_120909040200	Non-Illuminated
NA_120000000000	Automation & Controls
NA_120900000000	Operators
NA_120909000000	Push Buttons
NA_120909040000	30mm
NA_120909040200	Non-Illuminated
NA_120000000000	Automation & Controls
NA_120900000000	Operators
NA_120909000000	Push Buttons
NA_120909040000	30mm
NA_120909040200	Non-Illuminated
NA_240000000000	Wiring Devices & Wallplates
NA_240400000000	Plugs & Connectors
NA_240405000000	Twist Lock Devices
NA_240405020000	Connectors
NA_120000000000	Automation & Controls
NA_120900000000	Operators
NA_120909000000	Push Buttons
NA_120909040000	30mm
NA_120909040200	Non-Illuminated
NA_220000000000	Safety Products
NA_220900000000	Personal Protective Equipment
NA_221100000000	Safety Apparel
NA_221105000000	Disposable Clothing
NA_220000000000	Safety Products
NA_220900000000	Personal Protective Equipment
NA_221100000000	Safety Apparel
NA_221109000000	Protection Clothing
NA_221109110000	Coveralls
NA_220000000000	Safety Products
NA_220900000000	Personal Protective Equipment
NA_221100000000	Safety Apparel
NA_221102000000	Chemical Splash-Resistant Clothing
NA_221102050000	Chemical Resistant Coveralls
NA_220000000000	Safety Products
NA_220900000000	Personal Protective Equipment
NA_221100000000	Safety Apparel
NA_221105000000	Disposable Clothing
NA_220000000000	Safety Products
NA_220900000000	Personal Protective Equipment
NA_221100000000	Safety Apparel
NA_221105000000	Disposable Clothing
NA_220000000000	Safety Products
NA_220900000000	Personal Protective Equipment
NA_221100000000	Safety Apparel
NA_221102000000	Chemical Splash-Resistant Clothing
NA_221102050000	Chemical Resistant Coveralls
NA_240000000000	Wiring Devices & Wallplates
NA_240600000000	Receptacles
NA_240601000000	GFCI & AFCI
NA_240601010000	Duplex
NA_240000000000	Wiring Devices & Wallplates
NA_240600000000	Receptacles
NA_240601000000	GFCI & AFCI
NA_240601010000	Duplex
NA_240000000000	Wiring Devices & Wallplates
NA_240600000000	Receptacles
NA_240601000000	GFCI & AFCI
NA_240601010000	Duplex
NA_120000000000	Automation & Controls
NA_121300000000	Terminal Blocks, Wiring Systems & Connectors
NA_121305000000	Terminal Block Accessories
NA_121305160000	Shorting Links/Jumpers
NA_250000000000	Tools & Instruments
NA_250800000000	Hand Tools
NA_250855000000	Pliers
NA_250855090000	Linemans Pliers
NA_250000000000	Tools & Instruments
NA_250800000000	Hand Tools
NA_250855000000	Pliers
NA_250855260000	Special Purpose Pliers
NA_250000000000	Tools & Instruments
NA_250800000000	Hand Tools
NA_250855000000	Pliers
NA_250855250000	Slip Joint Pliers
NA_250000000000	Tools & Instruments
NA_250800000000	Hand Tools
NA_250855000000	Pliers
NA_250855250000	Slip Joint Pliers
NA_120000000000	Automation & Controls
NA_120900000000	Operators
NA_120910000000	Selector Switches
NA_120910040000	30mm
NA_120910040200	Non-Illuminated
NA_240000000000	Wiring Devices & Wallplates
NA_240700000000	Switches
NA_240703000000	Wall Switches
NA_240703030000	Paddle Switches
NA_120000000000	Automation & Controls
NA_120900000000	Operators
NA_120909000000	Push Buttons
NA_120909040000	30mm
NA_120909040200	Non-Illuminated
NA_220000000000	Safety Products
NA_220900000000	Personal Protective Equipment
NA_221100000000	Safety Apparel
NA_221109000000	Protection Clothing
NA_221109090000	Cold Environment Protection
NA_120000000000	Automation & Controls
NA_120900000000	Operators
NA_120909000000	Push Buttons
NA_120909040000	30mm
NA_120909040200	Non-Illuminated
NA_240000000000	Wiring Devices & Wallplates
NA_240600000000	Receptacles
NA_240607000000	Straight Blade
NA_240607030000	Single
NA_240000000000	Wiring Devices & Wallplates
NA_240700000000	Switches
NA_240703000000	Wall Switches
NA_240703100000	Wall Pushbutton Switch
NA_240000000000	Wiring Devices & Wallplates
NA_240700000000	Switches
NA_240703000000	Wall Switches
NA_240703020000	Dimmer Switches
NA_240703020300	Residential Dimmers
NA_240000000000	Wiring Devices & Wallplates
NA_240700000000	Switches
NA_240703000000	Wall Switches
NA_240703020000	Dimmer Switches
NA_240703020300	Residential Dimmers
NA_240000000000	Wiring Devices & Wallplates
NA_240700000000	Switches
NA_240703000000	Wall Switches
NA_240703020000	Dimmer Switches
NA_240703020300	Residential Dimmers
NA_240000000000	Wiring Devices & Wallplates
NA_240700000000	Switches
NA_240703000000	Wall Switches
NA_240703020000	Dimmer Switches
NA_240703020300	Residential Dimmers
NA_120000000000	Automation & Controls
NA_120900000000	Operators
NA_120909000000	Push Buttons
NA_120909040000	30mm
NA_120909040100	Illuminated
NA_120000000000	Automation & Controls
NA_120900000000	Operators
NA_120909000000	Push Buttons
NA_120909040000	30mm
NA_120909040100	Illuminated
NA_250000000000	Tools & Instruments
NA_251500000000	Power Tools & Attachments
NA_251501000000	Attachments
NA_251501090000	Drill Bits
NA_251501090400	Auger Bits
NA_220000000000	Safety Products
NA_220900000000	Personal Protective Equipment
NA_221100000000	Safety Apparel
NA_221107000000	Flame Resistant & Arc Flash Clothing
NA_221107030000	Arc Flash Kits
NA_220000000000	Safety Products
NA_220900000000	Personal Protective Equipment
NA_221100000000	Safety Apparel
NA_221107000000	Flame Resistant & Arc Flash Clothing
NA_221107030000	Arc Flash Kits
NA_220000000000	Safety Products
NA_220900000000	Personal Protective Equipment
NA_221100000000	Safety Apparel
NA_221109000000	Protection Clothing
NA_221109090000	Cold Environment Protection
NA_220000000000	Safety Products
NA_220900000000	Personal Protective Equipment
NA_221100000000	Safety Apparel
NA_221109000000	Protection Clothing
NA_221109090000	Cold Environment Protection
NA_120000000000	Automation & Controls
NA_120900000000	Operators
NA_120909000000	Push Buttons
NA_120909040000	30mm
NA_120909040200	Non-Illuminated
NA_120000000000	Automation & Controls
NA_120200000000	Control System Connection Devices
NA_120203000000	Control System Connection Cables
NA_120000000000	Automation & Controls
NA_120200000000	Control System Connection Devices
NA_120203000000	Control System Connection Cables
NA_120000000000	Automation & Controls
NA_120900000000	Operators
NA_120909000000	Push Buttons
NA_120909040000	30mm
NA_120909040200	Non-Illuminated
NA_250000000000	Tools & Instruments
NA_251500000000	Power Tools & Attachments
NA_251503000000	Corded Power Tools
NA_251503400000	Sanders and Grinders
NA_251503400500	Grinders
NA_120000000000	Automation & Controls
NA_120900000000	Operators
NA_120909000000	Push Buttons
NA_120909040000	30mm
NA_120909040200	Non-Illuminated
NA_220000000000	Safety Products
NA_220900000000	Personal Protective Equipment
NA_221100000000	Safety Apparel
NA_221109000000	Protection Clothing
NA_221109090000	Cold Environment Protection
NA_120000000000	Automation & Controls
NA_120900000000	Operators
NA_120909000000	Push Buttons
NA_120909040000	30mm
NA_120909040200	Non-Illuminated
NA_250000000000	Tools & Instruments
NA_251500000000	Power Tools & Attachments
NA_251503000000	Corded Power Tools
NA_251503400000	Sanders and Grinders
NA_251503400500	Grinders
NA_160000000000	Fasteners & Hardware
NA_160300000000	Cable, Chain & Rope
NA_160302000000	Fittings & Accessories
NA_160302200000	Rope Grab Hardware
NA_120000000000	Automation & Controls
NA_120900000000	Operators
NA_120909000000	Push Buttons
NA_120909040000	30mm
NA_120909040200	Non-Illuminated
NA_120000000000	Automation & Controls
NA_120200000000	Control System Connection Devices
NA_120203000000	Control System Connection Cables
NA_240000000000	Wiring Devices & Wallplates
NA_240400000000	Plugs & Connectors
NA_240404000000	Straight Blade Devices
NA_240404010000	Connectors
NA_220000000000	Safety Products
NA_220900000000	Personal Protective Equipment
NA_220908000000	Hard Hats & Head Protections
NA_220908070000	Hard Hats
NA_120000000000	Automation & Controls
NA_120900000000	Operators
NA_120909000000	Push Buttons
NA_120909040000	30mm
NA_120909040200	Non-Illuminated
NA_220000000000	Safety Products
NA_220900000000	Personal Protective Equipment
NA_221100000000	Safety Apparel
NA_221105000000	Disposable Clothing
NA_120000000000	Automation & Controls
NA_120900000000	Operators
NA_120909000000	Push Buttons
NA_120909040000	30mm
NA_120909040200	Non-Illuminated
NA_120000000000	Automation & Controls
NA_120900000000	Operators
NA_120909000000	Push Buttons
NA_120909040000	30mm
NA_120909040200	Non-Illuminated
NA_220000000000	Safety
NA_221300000000	Warning Signs & Labels
NA_221309000000	Labels and Markers
NA_221309020000	Identification Labels
NA_270000000000	Connectors, Marking, & Termination
NA_270100000000	Wire Bundling
NA_270104000000	Cable Ties
NA_270000000000	Connectors, Marking, & Termination
NA_270100000000	Wire Bundling
NA_270104000000	Cable Ties
NA_270000000000	Connectors, Marking, & Termination
NA_270100000000	Wire Bundling
NA_270104000000	Cable Ties
NA_270000000000	Connectors, Marking, & Termination
NA_270100000000	Wire Bundling
NA_270104000000	Cable Ties
NA_270000000000	Connectors, Marking, & Termination
NA_270100000000	Wire Bundling
NA_270104000000	Cable Ties
NA_160000000000	Fasteners & Hardwares
NA_160400000000	Fasteners
NA_160402000000	Nuts & Washers
NA_160402020000	Washers
NA_160402021000	Strut Washers
NA_120000000000	Automation & Controls
NA_121300000000	Terminal Blocks, Wiring Systems & Connectors
NA_121305000000	Terminal Block Accessories
NA_121305160000	Shorting Links/Jumpers
NA_120000000000	Automation & Controls
NA_121300000000	Terminal Blocks, Wiring Systems & Connectors
NA_121305000000	Terminal Block Accessories
NA_121305160000	Shorting Links/Jumpers
NA_120000000000	Automation & Controls
NA_121300000000	Terminal Blocks, Wiring Systems & Connectors
NA_121305000000	Terminal Block Accessories
NA_121305160000	Shorting Links/Jumpers
NA_270000000000	Connectors, Marking, & Termination
NA_270100000000	Wire Bundling
NA_270104000000	Cable Ties
NA_220000000000	Safety
NA_221300000000	Warning Signs & Labels
NA_221309000000	Labels and Markers
NA_221309040000	Printable Labels
NA_220000000000	Safety
NA_221300000000	Warning Signs & Labels
NA_221309000000	Labels and Markers
NA_221309040000	Printable Labels
NA_220000000000	Safety
NA_221300000000	Warning Signs & Labels
NA_221309000000	Labels and Markers
NA_221309040000	Printable Labels
NA_220000000000	Safety
NA_221300000000	Warning Signs & Labels
NA_221309000000	Labels and Markers
NA_221309040000	Printable Labels
NA_120000000000	Automation & Controls
NA_120900000000	Operators
NA_120909000000	Push Buttons
NA_120909070000	Push Button Parts & Accessories
NA_120000000000	Automation & Controls
NA_120900000000	Operators
NA_120909000000	Push Buttons
NA_120909070000	Push Button Parts & Accessories
NA_150000000000	Electrical Enclosures & Boxes
NA_150300000000	Electrical Enclosures
NA_150316000000	Pilot Device Enclosures
NA_150316020000	Non-Metallic
NA_150000000000	Electrical Enclosures & Boxes
NA_150300000000	Electrical Enclosures
NA_150316000000	Pilot Device Enclosures
NA_150316020000	Non-Metallic
NA_120000000000	Automation & Controls
NA_120900000000	Operators
NA_120909000000	Push Buttons
NA_120909070000	Push Button Parts & Accessories
NA_120000000000	Automation & Controls
NA_120900000000	Operators
NA_120909000000	Push Buttons
NA_120909070000	Push Button Parts & Accessories
NA_120000000000	Automation & Controls
NA_120900000000	Operators
NA_120909000000	Push Buttons
NA_120909070000	Push Button Parts & Accessories
NA_120000000000	Automation & Controls
NA_120900000000	Operators
NA_120909000000	Push Buttons
NA_120909070000	Push Button Parts & Accessories
NA_120000000000	Automation & Controls
NA_120900000000	Operators
NA_120909000000	Push Buttons
NA_120909070000	Push Button Parts & Accessories
NA_120000000000	Automation & Controls
NA_120900000000	Operators
NA_120909000000	Push Buttons
NA_120909050000	Boots, Heads & Caps
NA_220000000000	Safety Products
NA_220900000000	Personal Protective Equipment
NA_221100000000	Safety Apparel
NA_221109000000	Protection Clothing
NA_221109250000	Suspenders
NA_120000000000	Automation & Controls
NA_121300000000	Terminal Blocks, Wiring Systems & Connectors
NA_121305000000	Terminal Block Accessories
NA_121305160000	Shorting Links/Jumpers
NA_120000000000	Automation & Controls
NA_121300000000	Terminal Blocks, Wiring Systems & Connectors
NA_121305000000	Terminal Block Accessories
NA_121305160000	Shorting Links/Jumpers
NA_120000000000	Automation & Controls
NA_121300000000	Terminal Blocks, Wiring Systems & Connectors
NA_121305000000	Terminal Block Accessories
NA_121305160000	Shorting Links/Jumpers
NA_120000000000	Automation & Controls
NA_121300000000	Terminal Blocks, Wiring Systems & Connectors
NA_121305000000	Terminal Block Accessories
NA_121305160000	Shorting Links/Jumpers
NA_120000000000	Automation & Controls
NA_121300000000	Terminal Blocks, Wiring Systems & Connectors
NA_121305000000	Terminal Block Accessories
NA_121305160000	Shorting Links/Jumpers
NA_120000000000	Automation & Controls
NA_121300000000	Terminal Blocks, Wiring Systems & Connectors
NA_121305000000	Terminal Block Accessories
NA_121305160000	Shorting Links/Jumpers
NA_120000000000	Automation & Controls
NA_120200000000	Control System Connection Devices
NA_120203000000	Control System Connection Cables
NA_120000000000	Automation & Controls
NA_120200000000	Control System Connection Devices
NA_120203000000	Control System Connection Cables
NA_160000000000	Fasteners & Hardwares
NA_160400000000	Fasteners
NA_160402000000	Nuts & Washers
NA_160402010000	Nuts
NA_160402010700	Hex Nuts
