Current	Actual	Swatch
black		https://pacific-demo-data.bloomreach.cloud/apparel/images/webp/gen_gptimage_1/shoes/variants/101280_0_image.webp
red		https://pacific-demo-data.bloomreach.cloud/apparel/images/webp/gen_gptimage_1/shoes/variants/101280_1_image.webp
black		https://pacific-demo-data.bloomreach.cloud/apparel/images/webp/gen_gptimage_1/shoes/variants/101280_2_image.webp
blue		https://pacific-demo-data.bloomreach.cloud/apparel/images/webp/gen_gptimage_1/shoes/variants/101280_3_image.webp
black	Gray	https://pacific-demo-data.bloomreach.cloud/apparel/images/webp/gen_gptimage_1/shoes/variants/101282_0_image.webp
blue		https://pacific-demo-data.bloomreach.cloud/apparel/images/webp/gen_gptimage_1/shoes/variants/101282_1_image.webp
red		https://pacific-demo-data.bloomreach.cloud/apparel/images/webp/gen_gptimage_1/shoes/variants/101282_2_image.webp
black		https://pacific-demo-data.bloomreach.cloud/apparel/images/webp/gen_gptimage_1/shoes/variants/101282_3_image.webp
gray		https://pacific-demo-data.bloomreach.cloud/apparel/images/webp/gen_gptimage_1/shoes/variants/101282_4_image.webp
white		https://pacific-demo-data.bloomreach.cloud/apparel/images/webp/gen_gptimage_1/shoes/variants/101282_5_image.webp
black		https://pacific-demo-data.bloomreach.cloud/apparel/images/webp/gen_gptimage_1/shoes/variants/101282_6_image.webp
black		https://pacific-demo-data.bloomreach.cloud/apparel/images/webp/gen_gptimage_1/shoes/variants/101282_7_image.webp
blue		https://pacific-demo-data.bloomreach.cloud/apparel/images/webp/gen_gptimage_1/shoes/variants/101282_8_image.webp
white		https://pacific-demo-data.bloomreach.cloud/apparel/images/webp/gen_gptimage_1/shoes/variants/101294_0_image.webp
red		https://pacific-demo-data.bloomreach.cloud/apparel/images/webp/gen_gptimage_1/shoes/variants/101294_1_image.webp
black		https://pacific-demo-data.bloomreach.cloud/apparel/images/webp/gen_gptimage_1/shoes/variants/101294_2_image.webp
red		https://pacific-demo-data.bloomreach.cloud/apparel/images/webp/gen_gptimage_1/shoes/variants/101294_3_image.webp
white		https://pacific-demo-data.bloomreach.cloud/apparel/images/webp/gen_gptimage_1/shoes/variants/101294_4_image.webp
green		https://pacific-demo-data.bloomreach.cloud/apparel/images/webp/gen_gptimage_1/shoes/variants/101294_5_image.webp
blue		https://pacific-demo-data.bloomreach.cloud/apparel/images/webp/gen_gptimage_1/shoes/variants/101294_6_image.webp
red		https://pacific-demo-data.bloomreach.cloud/apparel/images/webp/gen_gptimage_1/shoes/variants/101294_7_image.webp
yellow		https://pacific-demo-data.bloomreach.cloud/apparel/images/webp/gen_gptimage_1/shoes/variants/101294_8_image.webp
red		https://pacific-demo-data.bloomreach.cloud/apparel/images/webp/gen_gptimage_1/shoes/variants/101294_9_image.webp
green		https://pacific-demo-data.bloomreach.cloud/apparel/images/webp/gen_gptimage_1/shoes/variants/101294_10_image.webp
green		https://pacific-demo-data.bloomreach.cloud/apparel/images/webp/gen_gptimage_1/shoes/variants/101294_11_image.webp
red	Purple	https://pacific-demo-data.bloomreach.cloud/apparel/images/webp/gen_gptimage_1/shoes/variants/101298_0_image.webp
blue	Gray	https://pacific-demo-data.bloomreach.cloud/apparel/images/webp/gen_gptimage_1/shoes/variants/101298_1_image.webp
green	White	https://pacific-demo-data.bloomreach.cloud/apparel/images/webp/gen_gptimage_1/shoes/variants/101298_2_image.webp
gray		https://pacific-demo-data.bloomreach.cloud/apparel/images/webp/gen_gptimage_1/shoes/variants/101298_3_image.webp
black		https://pacific-demo-data.bloomreach.cloud/apparel/images/webp/gen_gptimage_1/shoes/variants/101298_4_image.webp
blue		https://pacific-demo-data.bloomreach.cloud/apparel/images/webp/gen_gptimage_1/shoes/variants/101298_5_image.webp
black		https://pacific-demo-data.bloomreach.cloud/apparel/images/webp/gen_gptimage_1/shoes/variants/101298_6_image.webp
black		https://pacific-demo-data.bloomreach.cloud/apparel/images/webp/gen_gptimage_1/shoes/variants/101298_7_image.webp
gray		https://pacific-demo-data.bloomreach.cloud/apparel/images/webp/gen_gptimage_1/shoes/variants/101299_0_image.webp
gray		https://pacific-demo-data.bloomreach.cloud/apparel/images/webp/gen_gptimage_1/shoes/variants/101299_1_image.webp
white		https://pacific-demo-data.bloomreach.cloud/apparel/images/webp/gen_gptimage_1/shoes/variants/101299_2_image.webp
yellow		https://pacific-demo-data.bloomreach.cloud/apparel/images/webp/gen_gptimage_1/shoes/variants/101299_3_image.webp
white		https://pacific-demo-data.bloomreach.cloud/apparel/images/webp/gen_gptimage_1/shoes/variants/101304_0_image.webp
gray		https://pacific-demo-data.bloomreach.cloud/apparel/images/webp/gen_gptimage_1/shoes/variants/101304_1_image.webp
black		https://pacific-demo-data.bloomreach.cloud/apparel/images/webp/gen_gptimage_1/shoes/variants/101304_2_image.webp
black		https://pacific-demo-data.bloomreach.cloud/apparel/images/webp/gen_gptimage_1/shoes/variants/101304_3_image.webp
red	Blue	https://pacific-demo-data.bloomreach.cloud/apparel/images/webp/gen_gptimage_1/shoes/variants/101309_0_image.webp
green		https://pacific-demo-data.bloomreach.cloud/apparel/images/webp/gen_gptimage_1/shoes/variants/101309_1_image.webp
red		https://pacific-demo-data.bloomreach.cloud/apparel/images/webp/gen_gptimage_1/shoes/variants/101309_2_image.webp
red		https://pacific-demo-data.bloomreach.cloud/apparel/images/webp/gen_gptimage_1/shoes/variants/101309_3_image.webp
black		https://pacific-demo-data.bloomreach.cloud/apparel/images/webp/gen_gptimage_1/shoes/variants/101309_4_image.webp
gray		https://pacific-demo-data.bloomreach.cloud/apparel/images/webp/gen_gptimage_1/shoes/variants/101309_5_image.webp
red	Black	https://pacific-demo-data.bloomreach.cloud/apparel/images/webp/gen_gptimage_1/shoes/variants/101310_0_image.webp
red		https://pacific-demo-data.bloomreach.cloud/apparel/images/webp/gen_gptimage_1/shoes/variants/101310_1_image.webp
green		https://pacific-demo-data.bloomreach.cloud/apparel/images/webp/gen_gptimage_1/shoes/variants/101310_2_image.webp
red		https://pacific-demo-data.bloomreach.cloud/apparel/images/webp/gen_gptimage_1/shoes/variants/101310_3_image.webp
gray		https://pacific-demo-data.bloomreach.cloud/apparel/images/webp/gen_gptimage_1/shoes/variants/101310_4_image.webp
gray		https://pacific-demo-data.bloomreach.cloud/apparel/images/webp/gen_gptimage_1/shoes/variants/101310_5_image.webp
black		https://pacific-demo-data.bloomreach.cloud/apparel/images/webp/gen_gptimage_1/shoes/variants/101310_6_image.webp
white		https://pacific-demo-data.bloomreach.cloud/apparel/images/webp/gen_gptimage_1/shoes/variants/101310_7_image.webp
yellow		https://pacific-demo-data.bloomreach.cloud/apparel/images/webp/gen_gptimage_1/shoes/variants/101310_8_image.webp
yellow		https://pacific-demo-data.bloomreach.cloud/apparel/images/webp/gen_gptimage_1/shoes/variants/101310_9_image.webp
gray		https://pacific-demo-data.bloomreach.cloud/apparel/images/webp/gen_gptimage_1/shoes/variants/101310_10_image.webp
red		https://pacific-demo-data.bloomreach.cloud/apparel/images/webp/gen_gptimage_1/shoes/variants/101310_11_image.webp
green	Gray	https://pacific-demo-data.bloomreach.cloud/apparel/images/webp/gen_gptimage_1/shoes/variants/101317_0_image.webp
red		https://pacific-demo-data.bloomreach.cloud/apparel/images/webp/gen_gptimage_1/shoes/variants/101317_1_image.webp
green		https://pacific-demo-data.bloomreach.cloud/apparel/images/webp/gen_gptimage_1/shoes/variants/101317_2_image.webp
green		https://pacific-demo-data.bloomreach.cloud/apparel/images/webp/gen_gptimage_1/shoes/variants/101317_3_image.webp
green		https://pacific-demo-data.bloomreach.cloud/apparel/images/webp/gen_gptimage_1/shoes/variants/101317_4_image.webp
black		https://pacific-demo-data.bloomreach.cloud/apparel/images/webp/gen_gptimage_1/shoes/variants/101317_5_image.webp
blue		https://pacific-demo-data.bloomreach.cloud/apparel/images/webp/gen_gptimage_1/shoes/variants/101317_6_image.webp
red		https://pacific-demo-data.bloomreach.cloud/apparel/images/webp/gen_gptimage_1/shoes/variants/101317_7_image.webp
green		https://pacific-demo-data.bloomreach.cloud/apparel/images/webp/gen_gptimage_1/shoes/variants/101317_8_image.webp
black		https://pacific-demo-data.bloomreach.cloud/apparel/images/webp/gen_gptimage_1/shoes/variants/101317_9_image.webp
gray		https://pacific-demo-data.bloomreach.cloud/apparel/images/webp/gen_gptimage_1/shoes/variants/101317_10_image.webp
black		https://pacific-demo-data.bloomreach.cloud/apparel/images/webp/gen_gptimage_1/shoes/variants/101317_11_image.webp
black		https://pacific-demo-data.bloomreach.cloud/apparel/images/webp/gen_gptimage_1/shoes/variants/101317_12_image.webp
red		https://pacific-demo-data.bloomreach.cloud/apparel/images/webp/gen_gptimage_1/shoes/variants/101317_13_image.webp
yellow		https://pacific-demo-data.bloomreach.cloud/apparel/images/webp/gen_gptimage_1/shoes/variants/101317_14_image.webp
gray		https://pacific-demo-data.bloomreach.cloud/apparel/images/webp/gen_gptimage_1/shoes/variants/101317_15_image.webp
green	Gray	https://pacific-demo-data.bloomreach.cloud/apparel/images/webp/gen_gptimage_1/shoes/variants/101320_0_image.webp
red	Black	https://pacific-demo-data.bloomreach.cloud/apparel/images/webp/gen_gptimage_1/shoes/variants/101320_1_image.webp
white		https://pacific-demo-data.bloomreach.cloud/apparel/images/webp/gen_gptimage_1/shoes/variants/101320_2_image.webp
red		https://pacific-demo-data.bloomreach.cloud/apparel/images/webp/gen_gptimage_1/shoes/variants/101320_3_image.webp
green	Gray	https://pacific-demo-data.bloomreach.cloud/apparel/images/webp/gen_gptimage_1/shoes/variants/101324_0_image.webp
white		https://pacific-demo-data.bloomreach.cloud/apparel/images/webp/gen_gptimage_1/shoes/variants/101324_1_image.webp
black		https://pacific-demo-data.bloomreach.cloud/apparel/images/webp/gen_gptimage_1/shoes/variants/101324_2_image.webp
yellow	Black	https://pacific-demo-data.bloomreach.cloud/apparel/images/webp/gen_gptimage_1/shoes/variants/101324_3_image.webp
white	Black	https://pacific-demo-data.bloomreach.cloud/apparel/images/webp/gen_gptimage_1/shoes/variants/101338_0_image.webp
green		https://pacific-demo-data.bloomreach.cloud/apparel/images/webp/gen_gptimage_1/shoes/variants/101338_1_image.webp
green		https://pacific-demo-data.bloomreach.cloud/apparel/images/webp/gen_gptimage_1/shoes/variants/101338_2_image.webp
black		https://pacific-demo-data.bloomreach.cloud/apparel/images/webp/gen_gptimage_1/shoes/variants/101338_3_image.webp
blue		https://pacific-demo-data.bloomreach.cloud/apparel/images/webp/gen_gptimage_1/shoes/variants/101338_4_image.webp
red		https://pacific-demo-data.bloomreach.cloud/apparel/images/webp/gen_gptimage_1/shoes/variants/101338_5_image.webp
red		https://pacific-demo-data.bloomreach.cloud/apparel/images/webp/gen_gptimage_1/shoes/variants/101338_6_image.webp
black		https://pacific-demo-data.bloomreach.cloud/apparel/images/webp/gen_gptimage_1/shoes/variants/101338_7_image.webp
yellow		https://pacific-demo-data.bloomreach.cloud/apparel/images/webp/gen_gptimage_1/shoes/variants/101338_8_image.webp
white	Gray	https://pacific-demo-data.bloomreach.cloud/apparel/images/webp/gen_gptimage_1/shoes/variants/101340_0_image.webp
yellow	Gray	https://pacific-demo-data.bloomreach.cloud/apparel/images/webp/gen_gptimage_1/shoes/variants/101340_1_image.webp
blue		https://pacific-demo-data.bloomreach.cloud/apparel/images/webp/gen_gptimage_1/shoes/variants/101340_2_image.webp
white	Blue	https://pacific-demo-data.bloomreach.cloud/apparel/images/webp/gen_gptimage_1/shoes/variants/101340_3_image.webp
blue		https://pacific-demo-data.bloomreach.cloud/apparel/images/webp/gen_gptimage_1/shoes/variants/101343_0_image.webp
blue	White	https://pacific-demo-data.bloomreach.cloud/apparel/images/webp/gen_gptimage_1/shoes/variants/101343_1_image.webp
yellow	White	https://pacific-demo-data.bloomreach.cloud/apparel/images/webp/gen_gptimage_1/shoes/variants/101343_2_image.webp
gray	Black	https://pacific-demo-data.bloomreach.cloud/apparel/images/webp/gen_gptimage_1/shoes/variants/101343_3_image.webp
blue	White	https://pacific-demo-data.bloomreach.cloud/apparel/images/webp/gen_gptimage_1/shoes/variants/101345_0_image.webp
white		https://pacific-demo-data.bloomreach.cloud/apparel/images/webp/gen_gptimage_1/shoes/variants/101345_1_image.webp
green		https://pacific-demo-data.bloomreach.cloud/apparel/images/webp/gen_gptimage_1/shoes/variants/101345_2_image.webp
green		https://pacific-demo-data.bloomreach.cloud/apparel/images/webp/gen_gptimage_1/shoes/variants/101345_3_image.webp
gray		https://pacific-demo-data.bloomreach.cloud/apparel/images/webp/gen_gptimage_1/shoes/variants/101345_4_image.webp
black		https://pacific-demo-data.bloomreach.cloud/apparel/images/webp/gen_gptimage_1/shoes/variants/101345_5_image.webp
green		https://pacific-demo-data.bloomreach.cloud/apparel/images/webp/gen_gptimage_1/shoes/variants/101345_6_image.webp
black		https://pacific-demo-data.bloomreach.cloud/apparel/images/webp/gen_gptimage_1/shoes/variants/101345_7_image.webp
black		https://pacific-demo-data.bloomreach.cloud/apparel/images/webp/gen_gptimage_1/shoes/variants/101345_8_image.webp
white		https://pacific-demo-data.bloomreach.cloud/apparel/images/webp/gen_gptimage_1/shoes/variants/101345_9_image.webp
gray		https://pacific-demo-data.bloomreach.cloud/apparel/images/webp/gen_gptimage_1/shoes/variants/101345_10_image.webp
red		https://pacific-demo-data.bloomreach.cloud/apparel/images/webp/gen_gptimage_1/shoes/variants/101345_11_image.webp
red	White	https://pacific-demo-data.bloomreach.cloud/apparel/images/webp/gen_gptimage_1/shoes/variants/101354_0_image.webp
green	White	https://pacific-demo-data.bloomreach.cloud/apparel/images/webp/gen_gptimage_1/shoes/variants/101354_1_image.webp
gray	White	https://pacific-demo-data.bloomreach.cloud/apparel/images/webp/gen_gptimage_1/shoes/variants/101354_2_image.webp
yellow	Green	https://pacific-demo-data.bloomreach.cloud/apparel/images/webp/gen_gptimage_1/shoes/variants/101354_3_image.webp
green	Pink	https://pacific-demo-data.bloomreach.cloud/apparel/images/webp/gen_gptimage_1/shoes/variants/101357_0_image.webp
yellow		https://pacific-demo-data.bloomreach.cloud/apparel/images/webp/gen_gptimage_1/shoes/variants/101357_1_image.webp
red		https://pacific-demo-data.bloomreach.cloud/apparel/images/webp/gen_gptimage_1/shoes/variants/101357_2_image.webp
green		https://pacific-demo-data.bloomreach.cloud/apparel/images/webp/gen_gptimage_1/shoes/variants/101357_3_image.webp
gray		https://pacific-demo-data.bloomreach.cloud/apparel/images/webp/gen_gptimage_1/shoes/variants/101358_0_image.webp
black		https://pacific-demo-data.bloomreach.cloud/apparel/images/webp/gen_gptimage_1/shoes/variants/101358_1_image.webp
gray		https://pacific-demo-data.bloomreach.cloud/apparel/images/webp/gen_gptimage_1/shoes/variants/101358_2_image.webp
gray		https://pacific-demo-data.bloomreach.cloud/apparel/images/webp/gen_gptimage_1/shoes/variants/101358_3_image.webp
gray		https://pacific-demo-data.bloomreach.cloud/apparel/images/webp/gen_gptimage_1/shoes/variants/101358_4_image.webp
blue		https://pacific-demo-data.bloomreach.cloud/apparel/images/webp/gen_gptimage_1/shoes/variants/101358_5_image.webp
blue		https://pacific-demo-data.bloomreach.cloud/apparel/images/webp/gen_gptimage_1/shoes/variants/101358_6_image.webp
red		https://pacific-demo-data.bloomreach.cloud/apparel/images/webp/gen_gptimage_1/shoes/variants/101358_7_image.webp
gray		https://pacific-demo-data.bloomreach.cloud/apparel/images/webp/gen_gptimage_1/shoes/variants/101358_8_image.webp
red		https://pacific-demo-data.bloomreach.cloud/apparel/images/webp/gen_gptimage_1/shoes/variants/101358_9_image.webp
gray		https://pacific-demo-data.bloomreach.cloud/apparel/images/webp/gen_gptimage_1/shoes/variants/101358_10_image.webp
yellow		https://pacific-demo-data.bloomreach.cloud/apparel/images/webp/gen_gptimage_1/shoes/variants/101358_11_image.webp
blue		https://pacific-demo-data.bloomreach.cloud/apparel/images/webp/gen_gptimage_1/shoes/variants/101358_12_image.webp
gray		https://pacific-demo-data.bloomreach.cloud/apparel/images/webp/gen_gptimage_1/shoes/variants/101358_13_image.webp
blue		https://pacific-demo-data.bloomreach.cloud/apparel/images/webp/gen_gptimage_1/shoes/variants/101358_14_image.webp
red		https://pacific-demo-data.bloomreach.cloud/apparel/images/webp/gen_gptimage_1/shoes/variants/101358_15_image.webp
gray	Red	https://pacific-demo-data.bloomreach.cloud/apparel/images/webp/gen_gptimage_1/shoes/variants/101375_0_image.webp
green	White	https://pacific-demo-data.bloomreach.cloud/apparel/images/webp/gen_gptimage_1/shoes/variants/101375_1_image.webp
black		https://pacific-demo-data.bloomreach.cloud/apparel/images/webp/gen_gptimage_1/shoes/variants/101375_2_image.webp
black		https://pacific-demo-data.bloomreach.cloud/apparel/images/webp/gen_gptimage_1/shoes/variants/101375_3_image.webp
gray		https://pacific-demo-data.bloomreach.cloud/apparel/images/webp/gen_gptimage_1/shoes/variants/101375_4_image.webp
yellow		https://pacific-demo-data.bloomreach.cloud/apparel/images/webp/gen_gptimage_1/shoes/variants/101375_5_image.webp
yellow		https://pacific-demo-data.bloomreach.cloud/apparel/images/webp/gen_gptimage_1/shoes/variants/101375_6_image.webp
yellow		https://pacific-demo-data.bloomreach.cloud/apparel/images/webp/gen_gptimage_1/shoes/variants/101375_7_image.webp
gray	Black	https://pacific-demo-data.bloomreach.cloud/apparel/images/webp/gen_gptimage_1/shoes/variants/101409_0_image.webp
blue		https://pacific-demo-data.bloomreach.cloud/apparel/images/webp/gen_gptimage_1/shoes/variants/101409_1_image.webp
gray		https://pacific-demo-data.bloomreach.cloud/apparel/images/webp/gen_gptimage_1/shoes/variants/101409_2_image.webp
blue		https://pacific-demo-data.bloomreach.cloud/apparel/images/webp/gen_gptimage_1/shoes/variants/101409_3_image.webp
black	White	https://pacific-demo-data.bloomreach.cloud/apparel/images/webp/gen_gptimage_1/shoes/variants/101412_0_image.webp
red		https://pacific-demo-data.bloomreach.cloud/apparel/images/webp/gen_gptimage_1/shoes/variants/101412_1_image.webp
yellow		https://pacific-demo-data.bloomreach.cloud/apparel/images/webp/gen_gptimage_1/shoes/variants/101412_2_image.webp
gray		https://pacific-demo-data.bloomreach.cloud/apparel/images/webp/gen_gptimage_1/shoes/variants/101412_3_image.webp
red	White	https://pacific-demo-data.bloomreach.cloud/apparel/images/webp/gen_gptimage_1/shoes/variants/101413_0_image.webp
green	White	https://pacific-demo-data.bloomreach.cloud/apparel/images/webp/gen_gptimage_1/shoes/variants/101413_1_image.webp
red	White	https://pacific-demo-data.bloomreach.cloud/apparel/images/webp/gen_gptimage_1/shoes/variants/101413_2_image.webp
black		https://pacific-demo-data.bloomreach.cloud/apparel/images/webp/gen_gptimage_1/shoes/variants/101413_3_image.webp
white	Gray	https://pacific-demo-data.bloomreach.cloud/apparel/images/webp/gen_gptimage_1/shoes/variants/101417_0_image.webp
blue	White	https://pacific-demo-data.bloomreach.cloud/apparel/images/webp/gen_gptimage_1/shoes/variants/101417_1_image.webp
yellow	Pink	https://pacific-demo-data.bloomreach.cloud/apparel/images/webp/gen_gptimage_1/shoes/variants/101417_2_image.webp
blue		https://pacific-demo-data.bloomreach.cloud/apparel/images/webp/gen_gptimage_1/shoes/variants/101417_3_image.webp
yellow		https://pacific-demo-data.bloomreach.cloud/apparel/images/webp/gen_gptimage_1/shoes/variants/101417_4_image.webp
red		https://pacific-demo-data.bloomreach.cloud/apparel/images/webp/gen_gptimage_1/shoes/variants/101417_5_image.webp
blue		https://pacific-demo-data.bloomreach.cloud/apparel/images/webp/gen_gptimage_1/shoes/variants/101417_6_image.webp
black		https://pacific-demo-data.bloomreach.cloud/apparel/images/webp/gen_gptimage_1/shoes/variants/101417_7_image.webp
green	White	https://pacific-demo-data.bloomreach.cloud/apparel/images/webp/gen_gptimage_1/shoes/variants/101423_0_image.webp
yellow		https://pacific-demo-data.bloomreach.cloud/apparel/images/webp/gen_gptimage_1/shoes/variants/101423_1_image.webp
gray		https://pacific-demo-data.bloomreach.cloud/apparel/images/webp/gen_gptimage_1/shoes/variants/101423_2_image.webp
yellow		https://pacific-demo-data.bloomreach.cloud/apparel/images/webp/gen_gptimage_1/shoes/variants/101423_3_image.webp
yellow	Gray	https://pacific-demo-data.bloomreach.cloud/apparel/images/webp/gen_gptimage_1/shoes/variants/101424_0_image.webp
black	Green	https://pacific-demo-data.bloomreach.cloud/apparel/images/webp/gen_gptimage_1/shoes/variants/101424_1_image.webp
gray	White	https://pacific-demo-data.bloomreach.cloud/apparel/images/webp/gen_gptimage_1/shoes/variants/101424_2_image.webp
yellow		https://pacific-demo-data.bloomreach.cloud/apparel/images/webp/gen_gptimage_1/shoes/variants/101424_3_image.webp
gray	white	https://pacific-demo-data.bloomreach.cloud/apparel/images/webp/gen_gptimage_1/shoes/variants/101425_0_image.webp
black		https://pacific-demo-data.bloomreach.cloud/apparel/images/webp/gen_gptimage_1/shoes/variants/101425_1_image.webp
gray		https://pacific-demo-data.bloomreach.cloud/apparel/images/webp/gen_gptimage_1/shoes/variants/101425_2_image.webp
green		https://pacific-demo-data.bloomreach.cloud/apparel/images/webp/gen_gptimage_1/shoes/variants/101425_3_image.webp
gray	Purple	https://pacific-demo-data.bloomreach.cloud/apparel/images/webp/gen_gptimage_1/shoes/variants/101427_0_image.webp
gray	Black	https://pacific-demo-data.bloomreach.cloud/apparel/images/webp/gen_gptimage_1/shoes/variants/101427_1_image.webp
blue	Black	https://pacific-demo-data.bloomreach.cloud/apparel/images/webp/gen_gptimage_1/shoes/variants/101427_2_image.webp
yellow	white	https://pacific-demo-data.bloomreach.cloud/apparel/images/webp/gen_gptimage_1/shoes/variants/101427_3_image.webp
red	Yellow	https://pacific-demo-data.bloomreach.cloud/apparel/images/webp/gen_gptimage_1/shoes/variants/101440_0_image.webp
blue	Red	https://pacific-demo-data.bloomreach.cloud/apparel/images/webp/gen_gptimage_1/shoes/variants/101440_1_image.webp
gray		https://pacific-demo-data.bloomreach.cloud/apparel/images/webp/gen_gptimage_1/shoes/variants/101440_2_image.webp
black		https://pacific-demo-data.bloomreach.cloud/apparel/images/webp/gen_gptimage_1/shoes/variants/101440_3_image.webp
yellow	White	https://pacific-demo-data.bloomreach.cloud/apparel/images/webp/gen_gptimage_1/shoes/variants/101459_0_image.webp
gray		https://pacific-demo-data.bloomreach.cloud/apparel/images/webp/gen_gptimage_1/shoes/variants/101459_1_image.webp
green		https://pacific-demo-data.bloomreach.cloud/apparel/images/webp/gen_gptimage_1/shoes/variants/101459_2_image.webp
blue		https://pacific-demo-data.bloomreach.cloud/apparel/images/webp/gen_gptimage_1/shoes/variants/101459_3_image.webp
white		https://pacific-demo-data.bloomreach.cloud/apparel/images/webp/gen_gptimage_1/shoes/variants/101464_0_image.webp
black		https://pacific-demo-data.bloomreach.cloud/apparel/images/webp/gen_gptimage_1/shoes/variants/101464_1_image.webp
blue		https://pacific-demo-data.bloomreach.cloud/apparel/images/webp/gen_gptimage_1/shoes/variants/101464_2_image.webp
black		https://pacific-demo-data.bloomreach.cloud/apparel/images/webp/gen_gptimage_1/shoes/variants/101464_3_image.webp
gray	white	https://pacific-demo-data.bloomreach.cloud/apparel/images/webp/gen_gptimage_1/shoes/variants/101465_0_image.webp
black		https://pacific-demo-data.bloomreach.cloud/apparel/images/webp/gen_gptimage_1/shoes/variants/101465_1_image.webp
blue	white	https://pacific-demo-data.bloomreach.cloud/apparel/images/webp/gen_gptimage_1/shoes/variants/101465_2_image.webp
blue	Black	https://pacific-demo-data.bloomreach.cloud/apparel/images/webp/gen_gptimage_1/shoes/variants/101465_3_image.webp
white	Black	https://pacific-demo-data.bloomreach.cloud/apparel/images/webp/gen_gptimage_1/shoes/variants/101466_0_image.webp
gray	black	https://pacific-demo-data.bloomreach.cloud/apparel/images/webp/gen_gptimage_1/shoes/variants/101466_1_image.webp
yellow		https://pacific-demo-data.bloomreach.cloud/apparel/images/webp/gen_gptimage_1/shoes/variants/101466_2_image.webp
gray		https://pacific-demo-data.bloomreach.cloud/apparel/images/webp/gen_gptimage_1/shoes/variants/101466_3_image.webp
yellow	black	https://pacific-demo-data.bloomreach.cloud/apparel/images/webp/gen_gptimage_1/shoes/variants/101472_0_image.webp
green	gray	https://pacific-demo-data.bloomreach.cloud/apparel/images/webp/gen_gptimage_1/shoes/variants/101472_1_image.webp
yellow	white	https://pacific-demo-data.bloomreach.cloud/apparel/images/webp/gen_gptimage_1/shoes/variants/101472_2_image.webp
white	Pink	https://pacific-demo-data.bloomreach.cloud/apparel/images/webp/gen_gptimage_1/shoes/variants/101472_3_image.webp
yellow	black	https://pacific-demo-data.bloomreach.cloud/apparel/images/webp/gen_gptimage_1/shoes/variants/101472_4_image.webp
gray		https://pacific-demo-data.bloomreach.cloud/apparel/images/webp/gen_gptimage_1/shoes/variants/101472_5_image.webp
yellow		https://pacific-demo-data.bloomreach.cloud/apparel/images/webp/gen_gptimage_1/shoes/variants/101472_6_image.webp
black		https://pacific-demo-data.bloomreach.cloud/apparel/images/webp/gen_gptimage_1/shoes/variants/101472_7_image.webp
yellow		https://pacific-demo-data.bloomreach.cloud/apparel/images/webp/gen_gptimage_1/shoes/variants/101472_8_image.webp
blue	white	https://pacific-demo-data.bloomreach.cloud/apparel/images/webp/gen_gptimage_1/shoes/variants/101478_0_image.webp
black		https://pacific-demo-data.bloomreach.cloud/apparel/images/webp/gen_gptimage_1/shoes/variants/101478_1_image.webp
white	Orange	https://pacific-demo-data.bloomreach.cloud/apparel/images/webp/gen_gptimage_1/shoes/variants/101479_0_image.webp
black		https://pacific-demo-data.bloomreach.cloud/apparel/images/webp/gen_gptimage_1/shoes/variants/101479_1_image.webp
black		https://pacific-demo-data.bloomreach.cloud/apparel/images/webp/gen_gptimage_1/shoes/variants/101479_2_image.webp
green		https://pacific-demo-data.bloomreach.cloud/apparel/images/webp/gen_gptimage_1/shoes/variants/101479_3_image.webp
gray	white	https://pacific-demo-data.bloomreach.cloud/apparel/images/webp/gen_gptimage_1/shoes/variants/101480_0_image.webp
yellow		https://pacific-demo-data.bloomreach.cloud/apparel/images/webp/gen_gptimage_1/shoes/variants/101480_1_image.webp
white		https://pacific-demo-data.bloomreach.cloud/apparel/images/webp/gen_gptimage_1/shoes/variants/101480_2_image.webp
yellow		https://pacific-demo-data.bloomreach.cloud/apparel/images/webp/gen_gptimage_1/shoes/variants/101480_3_image.webp
yellow	black	https://pacific-demo-data.bloomreach.cloud/apparel/images/webp/gen_gptimage_1/shoes/variants/101481_0_image.webp
black		https://pacific-demo-data.bloomreach.cloud/apparel/images/webp/gen_gptimage_1/shoes/variants/101481_1_image.webp
gray		https://pacific-demo-data.bloomreach.cloud/apparel/images/webp/gen_gptimage_1/shoes/variants/101481_2_image.webp
blue		https://pacific-demo-data.bloomreach.cloud/apparel/images/webp/gen_gptimage_1/shoes/variants/101481_3_image.webp
black		https://pacific-demo-data.bloomreach.cloud/apparel/images/webp/gen_gptimage_1/shoes/variants/101489_0_image.webp
red		https://pacific-demo-data.bloomreach.cloud/apparel/images/webp/gen_gptimage_1/shoes/variants/101489_1_image.webp
gray		https://pacific-demo-data.bloomreach.cloud/apparel/images/webp/gen_gptimage_1/shoes/variants/101489_2_image.webp
red		https://pacific-demo-data.bloomreach.cloud/apparel/images/webp/gen_gptimage_1/shoes/variants/101489_3_image.webp
green		https://pacific-demo-data.bloomreach.cloud/apparel/images/webp/gen_gptimage_1/shoes/variants/101491_0_image.webp
black	Gray	https://pacific-demo-data.bloomreach.cloud/apparel/images/webp/gen_gptimage_1/shoes/variants/101491_1_image.webp
red	gray	https://pacific-demo-data.bloomreach.cloud/apparel/images/webp/gen_gptimage_1/shoes/variants/101491_2_image.webp
blue	yellow	https://pacific-demo-data.bloomreach.cloud/apparel/images/webp/gen_gptimage_1/shoes/variants/101491_3_image.webp
green	Yellow	https://pacific-demo-data.bloomreach.cloud/apparel/images/webp/gen_gptimage_1/shoes/variants/101491_4_image.webp
gray		https://pacific-demo-data.bloomreach.cloud/apparel/images/webp/gen_gptimage_1/shoes/variants/101491_5_image.webp
green		https://pacific-demo-data.bloomreach.cloud/apparel/images/webp/gen_gptimage_1/shoes/variants/101491_6_image.webp
yellow		https://pacific-demo-data.bloomreach.cloud/apparel/images/webp/gen_gptimage_1/shoes/variants/101491_7_image.webp
white		https://pacific-demo-data.bloomreach.cloud/apparel/images/webp/gen_gptimage_1/shoes/variants/101491_8_image.webp
red		https://pacific-demo-data.bloomreach.cloud/apparel/images/webp/gen_gptimage_1/shoes/variants/101491_9_image.webp
gray		https://pacific-demo-data.bloomreach.cloud/apparel/images/webp/gen_gptimage_1/shoes/variants/101491_10_image.webp
blue		https://pacific-demo-data.bloomreach.cloud/apparel/images/webp/gen_gptimage_1/shoes/variants/101491_11_image.webp
red	Gray	https://pacific-demo-data.bloomreach.cloud/apparel/images/webp/gen_gptimage_1/shoes/variants/101496_0_image.webp
green	black	https://pacific-demo-data.bloomreach.cloud/apparel/images/webp/gen_gptimage_1/shoes/variants/101496_1_image.webp
yellow		https://pacific-demo-data.bloomreach.cloud/apparel/images/webp/gen_gptimage_1/shoes/variants/101496_2_image.webp
green		https://pacific-demo-data.bloomreach.cloud/apparel/images/webp/gen_gptimage_1/shoes/variants/101496_3_image.webp
gray	white	https://pacific-demo-data.bloomreach.cloud/apparel/images/webp/gen_gptimage_1/shoes/variants/101530_0_image.webp
yellow		https://pacific-demo-data.bloomreach.cloud/apparel/images/webp/gen_gptimage_1/shoes/variants/101530_1_image.webp
gray		https://pacific-demo-data.bloomreach.cloud/apparel/images/webp/gen_gptimage_1/shoes/variants/101530_2_image.webp
blue		https://pacific-demo-data.bloomreach.cloud/apparel/images/webp/gen_gptimage_1/shoes/variants/101530_3_image.webp
gray	white	https://pacific-demo-data.bloomreach.cloud/apparel/images/webp/gen_gptimage_1/shoes/variants/101425_0_image.webp
black		https://pacific-demo-data.bloomreach.cloud/apparel/images/webp/gen_gptimage_1/shoes/variants/101425_1_image.webp
gray		https://pacific-demo-data.bloomreach.cloud/apparel/images/webp/gen_gptimage_1/shoes/variants/101425_2_image.webp
green		https://pacific-demo-data.bloomreach.cloud/apparel/images/webp/gen_gptimage_1/shoes/variants/101425_3_image.webp
gray	white	https://pacific-demo-data.bloomreach.cloud/apparel/images/webp/gen_gptimage_1/shoes/variants/101427_0_image.webp
gray	black	https://pacific-demo-data.bloomreach.cloud/apparel/images/webp/gen_gptimage_1/shoes/variants/101427_1_image.webp
blue	black	https://pacific-demo-data.bloomreach.cloud/apparel/images/webp/gen_gptimage_1/shoes/variants/101427_2_image.webp
yellow	white	https://pacific-demo-data.bloomreach.cloud/apparel/images/webp/gen_gptimage_1/shoes/variants/101427_3_image.webp
red	gray	https://pacific-demo-data.bloomreach.cloud/apparel/images/webp/gen_gptimage_1/shoes/variants/101496_0_image.webp
green	black	https://pacific-demo-data.bloomreach.cloud/apparel/images/webp/gen_gptimage_1/shoes/variants/101496_1_image.webp
yellow		https://pacific-demo-data.bloomreach.cloud/apparel/images/webp/gen_gptimage_1/shoes/variants/101496_2_image.webp
green		https://pacific-demo-data.bloomreach.cloud/apparel/images/webp/gen_gptimage_1/shoes/variants/101496_3_image.webp
gray	white	https://pacific-demo-data.bloomreach.cloud/apparel/images/webp/gen_gptimage_1/shoes/variants/101425_0_image.webp
black		https://pacific-demo-data.bloomreach.cloud/apparel/images/webp/gen_gptimage_1/shoes/variants/101425_1_image.webp
gray		https://pacific-demo-data.bloomreach.cloud/apparel/images/webp/gen_gptimage_1/shoes/variants/101425_2_image.webp
green		https://pacific-demo-data.bloomreach.cloud/apparel/images/webp/gen_gptimage_1/shoes/variants/101425_3_image.webp
gray	white	https://pacific-demo-data.bloomreach.cloud/apparel/images/webp/gen_gptimage_1/shoes/variants/101427_0_image.webp
gray	black	https://pacific-demo-data.bloomreach.cloud/apparel/images/webp/gen_gptimage_1/shoes/variants/101427_1_image.webp
blue	black	https://pacific-demo-data.bloomreach.cloud/apparel/images/webp/gen_gptimage_1/shoes/variants/101427_2_image.webp
yellow	white	https://pacific-demo-data.bloomreach.cloud/apparel/images/webp/gen_gptimage_1/shoes/variants/101427_3_image.webp
red	gray	https://pacific-demo-data.bloomreach.cloud/apparel/images/webp/gen_gptimage_1/shoes/variants/101496_0_image.webp
green	black	https://pacific-demo-data.bloomreach.cloud/apparel/images/webp/gen_gptimage_1/shoes/variants/101496_1_image.webp
yellow		https://pacific-demo-data.bloomreach.cloud/apparel/images/webp/gen_gptimage_1/shoes/variants/101496_2_image.webp
green		https://pacific-demo-data.bloomreach.cloud/apparel/images/webp/gen_gptimage_1/shoes/variants/101496_3_image.webp
yellow		https://pacific-demo-data.bloomreach.cloud/apparel/images/webp/gen_gptimage_1/shoes/variants/101297_0_image.webp
black		https://pacific-demo-data.bloomreach.cloud/apparel/images/webp/gen_gptimage_1/shoes/variants/101297_1_image.webp
gray		https://pacific-demo-data.bloomreach.cloud/apparel/images/webp/gen_gptimage_1/shoes/variants/101297_2_image.webp
green		https://pacific-demo-data.bloomreach.cloud/apparel/images/webp/gen_gptimage_1/shoes/variants/101297_3_image.webp
blue		https://pacific-demo-data.bloomreach.cloud/apparel/images/webp/gen_gptimage_1/shoes/variants/101297_4_image.webp
red		https://pacific-demo-data.bloomreach.cloud/apparel/images/webp/gen_gptimage_1/shoes/variants/101297_5_image.webp
gray		https://pacific-demo-data.bloomreach.cloud/apparel/images/webp/gen_gptimage_1/shoes/variants/101297_6_image.webp
yellow		https://pacific-demo-data.bloomreach.cloud/apparel/images/webp/gen_gptimage_1/shoes/variants/101297_7_image.webp
black		https://pacific-demo-data.bloomreach.cloud/apparel/images/webp/gen_gptimage_1/shoes/variants/101297_8_image.webp
gray		https://pacific-demo-data.bloomreach.cloud/apparel/images/webp/gen_gptimage_1/shoes/variants/101297_9_image.webp
yellow		https://pacific-demo-data.bloomreach.cloud/apparel/images/webp/gen_gptimage_1/shoes/variants/101297_10_image.webp
green	Pink	https://pacific-demo-data.bloomreach.cloud/apparel/images/webp/gen_gptimage_1/shoes/variants/101300_0_image.webp
gray	Black	https://pacific-demo-data.bloomreach.cloud/apparel/images/webp/gen_gptimage_1/shoes/variants/101300_1_image.webp
black	Blue	https://pacific-demo-data.bloomreach.cloud/apparel/images/webp/gen_gptimage_1/shoes/variants/101300_2_image.webp
red		https://pacific-demo-data.bloomreach.cloud/apparel/images/webp/gen_gptimage_1/shoes/variants/101300_3_image.webp
gray	Yellow	https://pacific-demo-data.bloomreach.cloud/apparel/images/webp/gen_gptimage_1/shoes/variants/101323_0_image.webp
yellow	Black	https://pacific-demo-data.bloomreach.cloud/apparel/images/webp/gen_gptimage_1/shoes/variants/101323_1_image.webp
red	Peacock	https://pacific-demo-data.bloomreach.cloud/apparel/images/webp/gen_gptimage_1/shoes/variants/101323_2_image.webp
gray	White	https://pacific-demo-data.bloomreach.cloud/apparel/images/webp/gen_gptimage_1/shoes/variants/101323_3_image.webp
white		https://pacific-demo-data.bloomreach.cloud/apparel/images/webp/gen_gptimage_1/shoes/variants/101323_4_image.webp
white	Blue	https://pacific-demo-data.bloomreach.cloud/apparel/images/webp/gen_gptimage_1/shoes/variants/101323_5_image.webp
green	gray	https://pacific-demo-data.bloomreach.cloud/apparel/images/webp/gen_gptimage_1/shoes/variants/101323_6_image.webp
green	White	https://pacific-demo-data.bloomreach.cloud/apparel/images/webp/gen_gptimage_1/shoes/variants/101323_7_image.webp
green	black	https://pacific-demo-data.bloomreach.cloud/apparel/images/webp/gen_gptimage_1/shoes/variants/101323_8_image.webp
white	Blue	https://pacific-demo-data.bloomreach.cloud/apparel/images/webp/gen_gptimage_1/shoes/variants/101323_9_image.webp
white		https://pacific-demo-data.bloomreach.cloud/apparel/images/webp/gen_gptimage_1/shoes/variants/101323_10_image.webp
red		https://pacific-demo-data.bloomreach.cloud/apparel/images/webp/gen_gptimage_1/shoes/variants/101323_11_image.webp
yellow		https://pacific-demo-data.bloomreach.cloud/apparel/images/webp/gen_gptimage_1/shoes/variants/101323_12_image.webp
blue		https://pacific-demo-data.bloomreach.cloud/apparel/images/webp/gen_gptimage_1/shoes/variants/101323_13_image.webp
blue		https://pacific-demo-data.bloomreach.cloud/apparel/images/webp/gen_gptimage_1/shoes/variants/101323_14_image.webp
green		https://pacific-demo-data.bloomreach.cloud/apparel/images/webp/gen_gptimage_1/shoes/variants/101323_15_image.webp
green	white	https://pacific-demo-data.bloomreach.cloud/apparel/images/webp/gen_gptimage_1/shoes/variants/101342_0_image.webp
blue		https://pacific-demo-data.bloomreach.cloud/apparel/images/webp/gen_gptimage_1/shoes/variants/101342_1_image.webp
green		https://pacific-demo-data.bloomreach.cloud/apparel/images/webp/gen_gptimage_1/shoes/variants/101342_2_image.webp
red		https://pacific-demo-data.bloomreach.cloud/apparel/images/webp/gen_gptimage_1/shoes/variants/101342_3_image.webp
gray		https://pacific-demo-data.bloomreach.cloud/apparel/images/webp/gen_gptimage_1/shoes/variants/101379_0_image.webp
yellow	Purple	https://pacific-demo-data.bloomreach.cloud/apparel/images/webp/gen_gptimage_1/shoes/variants/101379_1_image.webp
red	Purple	https://pacific-demo-data.bloomreach.cloud/apparel/images/webp/gen_gptimage_1/shoes/variants/101379_2_image.webp
yellow	black	https://pacific-demo-data.bloomreach.cloud/apparel/images/webp/gen_gptimage_1/shoes/variants/101379_3_image.webp
green	Mauve	https://pacific-demo-data.bloomreach.cloud/apparel/images/webp/gen_gptimage_1/shoes/variants/101379_4_image.webp
blue	black	https://pacific-demo-data.bloomreach.cloud/apparel/images/webp/gen_gptimage_1/shoes/variants/101379_5_image.webp
white	black	https://pacific-demo-data.bloomreach.cloud/apparel/images/webp/gen_gptimage_1/shoes/variants/101379_6_image.webp
gray	Mauve	https://pacific-demo-data.bloomreach.cloud/apparel/images/webp/gen_gptimage_1/shoes/variants/101379_7_image.webp
red	white	https://pacific-demo-data.bloomreach.cloud/apparel/images/webp/gen_gptimage_1/shoes/variants/101529_0_image.webp
red	white	https://pacific-demo-data.bloomreach.cloud/apparel/images/webp/gen_gptimage_1/shoes/variants/101529_1_image.webp
yellow		https://pacific-demo-data.bloomreach.cloud/apparel/images/webp/gen_gptimage_1/shoes/variants/101529_2_image.webp
green		https://pacific-demo-data.bloomreach.cloud/apparel/images/webp/gen_gptimage_1/shoes/variants/101529_3_image.webp
black		https://pacific-demo-data.bloomreach.cloud/apparel/images/webp/gen_gptimage_1/shoes/variants/101529_4_image.webp
black		https://pacific-demo-data.bloomreach.cloud/apparel/images/webp/gen_gptimage_1/shoes/variants/101529_5_image.webp
